-- phpMyAdmin SQL Dump
-- version 5.2.1
-- https://www.phpmyadmin.net/
--
-- Host: 127.0.0.1
-- Generation Time: Mar 31, 2025 at 09:56 AM
-- Server version: 10.4.32-MariaDB
-- PHP Version: 8.2.12

SET SQL_MODE = "NO_AUTO_VALUE_ON_ZERO";
START TRANSACTION;
SET time_zone = "+00:00";


/*!40101 SET @OLD_CHARACTER_SET_CLIENT=@@CHARACTER_SET_CLIENT */;
/*!40101 SET @OLD_CHARACTER_SET_RESULTS=@@CHARACTER_SET_RESULTS */;
/*!40101 SET @OLD_COLLATION_CONNECTION=@@COLLATION_CONNECTION */;
/*!40101 SET NAMES utf8mb4 */;

--
-- Database: `flickseat_db`
--

-- --------------------------------------------------------

--
-- Table structure for table `drinks`
--

CREATE TABLE `drinks` (
  `drink_id` int(11) NOT NULL,
  `drink_name` varchar(255) NOT NULL,
  `drink_price` int(11) NOT NULL
) ENGINE=InnoDB DEFAULT CHARSET=utf8mb4 COLLATE=utf8mb4_general_ci;

--
-- Dumping data for table `drinks`
--

INSERT INTO `drinks` (`drink_id`, `drink_name`, `drink_price`) VALUES
(1, 'Water', 20),
(2, 'Coca Cola', 25),
(3, 'Iced Tea', 30);

-- --------------------------------------------------------

--
-- Table structure for table `foods`
--

CREATE TABLE `foods` (
  `food_id` int(11) NOT NULL,
  `food_name` varchar(255) NOT NULL,
  `food_price` int(11) NOT NULL
) ENGINE=InnoDB DEFAULT CHARSET=utf8mb4 COLLATE=utf8mb4_general_ci;

--
-- Dumping data for table `foods`
--

INSERT INTO `foods` (`food_id`, `food_name`, `food_price`) VALUES
(1, 'Buttered Popcorn', 70),
(2, 'Nachos with Cheese', 100),
(3, 'Hot Dog', 50);

-- --------------------------------------------------------

--
-- Table structure for table `movie`
--

CREATE TABLE `movie` (
  `movie_id` int(11) NOT NULL,
  `title` varchar(255) NOT NULL,
  `genre` text DEFAULT NULL,
  `release_date` date DEFAULT NULL,
  `duration` varchar(10) DEFAULT NULL,
  `overview` text DEFAULT NULL,
  `rating` decimal(3,1) DEFAULT NULL,
  `tmdb_id` int(11) DEFAULT NULL,
  `status` enum('now showing','coming soon') NOT NULL DEFAULT 'coming soon',
  `movie_price` int(11) NOT NULL DEFAULT 0
) ENGINE=InnoDB DEFAULT CHARSET=utf8mb4 COLLATE=utf8mb4_general_ci;

--
-- Dumping data for table `movie`
--

INSERT INTO `movie` (`movie_id`, `title`, `genre`, `release_date`, `duration`, `overview`, `rating`, `tmdb_id`, `status`, `movie_price`) VALUES
(1, 'Captain America: Brave New World', 'Action - Thriller - Science Fiction', '2025-02-14', '1h 59m', '0', 6.2, 822119, 'coming soon', 400),
(2, 'Companion', 'Science Fiction - Thriller', '2025-01-29', '1h 37m', '0', 7.0, 1084199, 'coming soon', 250),
(3, 'Wicked', 'Drama - Romance - Fantasy', '2024-11-20', '2h 42m', '0', 6.9, 402431, 'now showing', 350),
(4, 'Sonic the Hedgehog 3', 'Action - Science Fiction - Comedy - Family', '2025-01-15', '1h 50m', '0', 7.8, 939243, 'now showing', 300),
(5, 'Paddington in Peru', 'Family - Adventure - Comedy', '2025-01-29', '1h 46m', '0', 6.9, 516729, 'now showing', 250),
(6, 'Nosferatu', 'Horror - Fantasy', '2025-02-26', '2h 13m', '0', 6.7, 426063, 'coming soon', 0),
(7, 'Flow', 'Animation - Fantasy - Adventure', '2025-03-05', '1h 25m', '0', 8.3, 823219, 'now showing', 0),
(8, 'The Seed of the Sacred Fig', 'Drama - Thriller - Crime', '2025-03-05', '2h 47m', '0', 7.7, 1278263, 'now showing', 0);

-- --------------------------------------------------------

--
-- Table structure for table `orders`
--

CREATE TABLE `orders` (
  `order_id` int(11) NOT NULL,
  `user_id` int(11) NOT NULL,
  `food_id` int(11) DEFAULT NULL,
  `drink_id` int(11) DEFAULT NULL,
  `quantity` int(11) NOT NULL CHECK (`quantity` > 0),
  `status` enum('available','claimed') DEFAULT 'available',
  `order_date` timestamp NOT NULL DEFAULT current_timestamp(),
  `created_at` timestamp NOT NULL DEFAULT current_timestamp()
) ENGINE=InnoDB DEFAULT CHARSET=utf8mb4 COLLATE=utf8mb4_general_ci;

--
-- Dumping data for table `orders`
--

INSERT INTO `orders` (`order_id`, `user_id`, `food_id`, `drink_id`, `quantity`, `status`, `order_date`, `created_at`) VALUES
(62, 10, NULL, 2, 2, 'available', '2025-03-27 12:44:46', '2025-03-27 12:48:06'),
(63, 10, 2, NULL, 1, 'available', '2025-03-27 12:44:46', '2025-03-27 12:48:06'),
(64, 10, 1, NULL, 2, 'available', '2025-03-27 12:44:46', '2025-03-27 12:48:06'),
(65, 10, NULL, 1, 1, 'available', '2025-03-27 12:44:46', '2025-03-27 12:48:06'),
(66, 10, 3, NULL, 2, 'available', '2025-03-27 12:44:46', '2025-03-27 12:48:06'),
(67, 10, NULL, 3, 1, 'available', '2025-03-27 12:44:46', '2025-03-27 12:48:06'),
(68, 10, NULL, 3, 1, 'available', '2025-03-27 12:44:46', '2025-03-27 12:48:06'),
(69, 10, 1, NULL, 1, 'available', '2025-03-27 12:44:46', '2025-03-27 12:48:06'),
(70, 10, 3, NULL, 2, 'available', '2025-03-27 12:44:46', '2025-03-27 12:48:06'),
(71, 10, 1, NULL, 2, 'available', '2025-03-27 12:49:20', '2025-03-27 12:49:20'),
(72, 10, 2, NULL, 1, 'available', '2025-03-27 12:49:20', '2025-03-27 12:49:20');

-- --------------------------------------------------------

--
-- Table structure for table `recent_reservations`
--

CREATE TABLE `recent_reservations` (
  `reservation_id` int(11) NOT NULL,
  `ticket_id` int(11) NOT NULL,
  `user_id` int(11) NOT NULL,
  `movie_id` int(11) NOT NULL,
  `showtime_id` int(11) NOT NULL,
  `seat_id` int(11) NOT NULL,
  `purchase_date` datetime NOT NULL,
  `ticket_price` decimal(10,2) NOT NULL,
  `status` varchar(20) NOT NULL,
  `deleted_at` timestamp NOT NULL DEFAULT current_timestamp()
) ENGINE=InnoDB DEFAULT CHARSET=utf8mb4 COLLATE=utf8mb4_general_ci;

--
-- Dumping data for table `recent_reservations`
--

INSERT INTO `recent_reservations` (`reservation_id`, `ticket_id`, `user_id`, `movie_id`, `showtime_id`, `seat_id`, `purchase_date`, `ticket_price`, `status`, `deleted_at`) VALUES
(1, 60, 9, 1, 3, 87, '0000-00-00 00:00:00', 400.00, 'cancelled', '2025-03-27 13:36:09'),
(2, 67, 10, 2, 6, 151, '0000-00-00 00:00:00', 250.00, 'used', '2025-03-27 13:39:24'),
(3, 66, 10, 3, 14, 400, '0000-00-00 00:00:00', 350.00, 'cancelled', '2025-03-27 14:09:45'),
(4, 59, 9, 1, 3, 89, '0000-00-00 00:00:00', 400.00, 'used', '2025-03-31 06:48:26');

-- --------------------------------------------------------

--
-- Table structure for table `recent_tickets`
--

CREATE TABLE `recent_tickets` (
  `ticket_id` int(11) NOT NULL,
  `user_id` int(11) NOT NULL,
  `movie_id` int(11) NOT NULL,
  `showtime_id` int(11) NOT NULL,
  `seat_id` int(11) NOT NULL,
  `purchase_date` datetime DEFAULT current_timestamp(),
  `ticket_price` int(11) NOT NULL,
  `status` enum('pending','booked','cancelled','used') DEFAULT 'pending'
) ENGINE=InnoDB DEFAULT CHARSET=utf8mb4 COLLATE=utf8mb4_general_ci;

-- --------------------------------------------------------

--
-- Table structure for table `seats`
--

CREATE TABLE `seats` (
  `seat_id` int(11) NOT NULL,
  `showtime_id` int(11) NOT NULL,
  `seat_name` varchar(10) NOT NULL,
  `status` enum('available','taken') NOT NULL DEFAULT 'available'
) ENGINE=InnoDB DEFAULT CHARSET=utf8mb4 COLLATE=utf8mb4_general_ci;

--
-- Dumping data for table `seats`
--

INSERT INTO `seats` (`seat_id`, `showtime_id`, `seat_name`, `status`) VALUES
(1, 1, 'A1', 'taken'),
(2, 1, 'A2', 'taken'),
(3, 1, 'A3', 'taken'),
(4, 1, 'A4', 'taken'),
(5, 1, 'A5', 'taken'),
(6, 1, 'A6', 'available'),
(7, 1, 'B1', 'available'),
(8, 1, 'B2', 'available'),
(9, 1, 'B3', 'available'),
(10, 1, 'B4', 'available'),
(11, 1, 'B5', 'available'),
(12, 1, 'B6', 'available'),
(13, 1, 'C1', 'available'),
(14, 1, 'C2', 'available'),
(15, 1, 'C3', 'available'),
(16, 1, 'C4', 'available'),
(17, 1, 'C5', 'available'),
(18, 1, 'C6', 'available'),
(19, 1, 'D1', 'available'),
(20, 1, 'D2', 'available'),
(21, 1, 'D3', 'available'),
(22, 1, 'D4', 'available'),
(23, 1, 'D5', 'available'),
(24, 1, 'D6', 'available'),
(25, 1, 'E1', 'available'),
(26, 1, 'E2', 'available'),
(27, 1, 'E3', 'available'),
(28, 1, 'E4', 'available'),
(29, 1, 'E5', 'available'),
(30, 1, 'E6', 'available'),
(31, 2, 'A1', 'available'),
(32, 2, 'A2', 'available'),
(33, 2, 'A3', 'available'),
(34, 2, 'A4', 'available'),
(35, 2, 'A5', 'available'),
(36, 2, 'A6', 'available'),
(37, 2, 'B1', 'available'),
(38, 2, 'B2', 'available'),
(39, 2, 'B3', 'available'),
(40, 2, 'B4', 'available'),
(41, 2, 'B5', 'available'),
(42, 2, 'B6', 'available'),
(43, 2, 'C1', 'available'),
(44, 2, 'C2', 'available'),
(45, 2, 'C3', 'available'),
(46, 2, 'C4', 'available'),
(47, 2, 'C5', 'available'),
(48, 2, 'C6', 'available'),
(49, 2, 'D1', 'available'),
(50, 2, 'D2', 'available'),
(51, 2, 'D3', 'available'),
(52, 2, 'D4', 'available'),
(53, 2, 'D5', 'available'),
(54, 2, 'D6', 'available'),
(55, 2, 'E1', 'available'),
(56, 2, 'E2', 'available'),
(57, 2, 'E3', 'available'),
(58, 2, 'E4', 'available'),
(59, 2, 'E5', 'available'),
(60, 2, 'E6', 'available'),
(61, 3, 'A1', 'available'),
(62, 3, 'A2', 'available'),
(63, 3, 'A3', 'available'),
(64, 3, 'A4', 'available'),
(65, 3, 'A5', 'available'),
(66, 3, 'A6', 'available'),
(67, 3, 'B1', 'available'),
(68, 3, 'B2', 'available'),
(69, 3, 'B3', 'available'),
(70, 3, 'B4', 'available'),
(71, 3, 'B5', 'available'),
(72, 3, 'B6', 'available'),
(73, 3, 'C1', 'available'),
(74, 3, 'C2', 'available'),
(75, 3, 'C3', 'available'),
(76, 3, 'C4', 'available'),
(77, 3, 'C5', 'available'),
(78, 3, 'C6', 'available'),
(79, 3, 'D1', 'available'),
(80, 3, 'D2', 'available'),
(81, 3, 'D3', 'available'),
(82, 3, 'D4', 'available'),
(83, 3, 'D5', 'available'),
(84, 3, 'D6', 'available'),
(85, 3, 'E1', 'available'),
(86, 3, 'E2', 'taken'),
(87, 3, 'E3', 'available'),
(88, 3, 'E4', 'taken'),
(89, 3, 'E5', 'available'),
(90, 3, 'E6', 'taken'),
(91, 4, 'A1', 'available'),
(92, 4, 'A2', 'available'),
(93, 4, 'A3', 'available'),
(94, 4, 'A4', 'available'),
(95, 4, 'A5', 'available'),
(96, 4, 'A6', 'available'),
(97, 4, 'B1', 'available'),
(98, 4, 'B2', 'available'),
(99, 4, 'B3', 'available'),
(100, 4, 'B4', 'available'),
(101, 4, 'B5', 'available'),
(102, 4, 'B6', 'available'),
(103, 4, 'C1', 'available'),
(104, 4, 'C2', 'available'),
(105, 4, 'C3', 'available'),
(106, 4, 'C4', 'available'),
(107, 4, 'C5', 'available'),
(108, 4, 'C6', 'available'),
(109, 4, 'D1', 'available'),
(110, 4, 'D2', 'available'),
(111, 4, 'D3', 'available'),
(112, 4, 'D4', 'available'),
(113, 4, 'D5', 'available'),
(114, 4, 'D6', 'available'),
(115, 4, 'E1', 'available'),
(116, 4, 'E2', 'available'),
(117, 4, 'E3', 'available'),
(118, 4, 'E4', 'available'),
(119, 4, 'E5', 'available'),
(120, 4, 'E6', 'available'),
(121, 5, 'A1', 'available'),
(122, 5, 'A2', 'available'),
(123, 5, 'A3', 'available'),
(124, 5, 'A4', 'available'),
(125, 5, 'A5', 'available'),
(126, 5, 'A6', 'available'),
(127, 5, 'B1', 'available'),
(128, 5, 'B2', 'available'),
(129, 5, 'B3', 'available'),
(130, 5, 'B4', 'available'),
(131, 5, 'B5', 'available'),
(132, 5, 'B6', 'available'),
(133, 5, 'C1', 'available'),
(134, 5, 'C2', 'available'),
(135, 5, 'C3', 'available'),
(136, 5, 'C4', 'available'),
(137, 5, 'C5', 'available'),
(138, 5, 'C6', 'available'),
(139, 5, 'D1', 'available'),
(140, 5, 'D2', 'available'),
(141, 5, 'D3', 'available'),
(142, 5, 'D4', 'available'),
(143, 5, 'D5', 'available'),
(144, 5, 'D6', 'available'),
(145, 5, 'E1', 'available'),
(146, 5, 'E2', 'available'),
(147, 5, 'E3', 'available'),
(148, 5, 'E4', 'available'),
(149, 5, 'E5', 'available'),
(150, 5, 'E6', 'available'),
(151, 6, 'A1', 'available'),
(152, 6, 'A2', 'available'),
(153, 6, 'A3', 'available'),
(154, 6, 'A4', 'available'),
(155, 6, 'A5', 'available'),
(156, 6, 'A6', 'available'),
(157, 6, 'B1', 'available'),
(158, 6, 'B2', 'available'),
(159, 6, 'B3', 'available'),
(160, 6, 'B4', 'available'),
(161, 6, 'B5', 'available'),
(162, 6, 'B6', 'available'),
(163, 6, 'C1', 'available'),
(164, 6, 'C2', 'available'),
(165, 6, 'C3', 'taken'),
(166, 6, 'C4', 'taken'),
(167, 6, 'C5', 'available'),
(168, 6, 'C6', 'available'),
(169, 6, 'D1', 'available'),
(170, 6, 'D2', 'available'),
(171, 6, 'D3', 'available'),
(172, 6, 'D4', 'available'),
(173, 6, 'D5', 'available'),
(174, 6, 'D6', 'available'),
(175, 6, 'E1', 'available'),
(176, 6, 'E2', 'available'),
(177, 6, 'E3', 'available'),
(178, 6, 'E4', 'available'),
(179, 6, 'E5', 'available'),
(180, 6, 'E6', 'available'),
(181, 7, 'A1', 'available'),
(182, 7, 'A2', 'available'),
(183, 7, 'A3', 'available'),
(184, 7, 'A4', 'available'),
(185, 7, 'A5', 'available'),
(186, 7, 'A6', 'available'),
(187, 7, 'B1', 'available'),
(188, 7, 'B2', 'available'),
(189, 7, 'B3', 'available'),
(190, 7, 'B4', 'available'),
(191, 7, 'B5', 'available'),
(192, 7, 'B6', 'available'),
(193, 7, 'C1', 'available'),
(194, 7, 'C2', 'available'),
(195, 7, 'C3', 'available'),
(196, 7, 'C4', 'available'),
(197, 7, 'C5', 'available'),
(198, 7, 'C6', 'available'),
(199, 7, 'D1', 'available'),
(200, 7, 'D2', 'available'),
(201, 7, 'D3', 'available'),
(202, 7, 'D4', 'available'),
(203, 7, 'D5', 'available'),
(204, 7, 'D6', 'available'),
(205, 7, 'E1', 'available'),
(206, 7, 'E2', 'available'),
(207, 7, 'E3', 'available'),
(208, 7, 'E4', 'available'),
(209, 7, 'E5', 'available'),
(210, 7, 'E6', 'available'),
(211, 8, 'A1', 'available'),
(212, 8, 'A2', 'available'),
(213, 8, 'A3', 'available'),
(214, 8, 'A4', 'available'),
(215, 8, 'A5', 'available'),
(216, 8, 'A6', 'available'),
(217, 8, 'B1', 'available'),
(218, 8, 'B2', 'available'),
(219, 8, 'B3', 'available'),
(220, 8, 'B4', 'available'),
(221, 8, 'B5', 'available'),
(222, 8, 'B6', 'available'),
(223, 8, 'C1', 'available'),
(224, 8, 'C2', 'available'),
(225, 8, 'C3', 'available'),
(226, 8, 'C4', 'available'),
(227, 8, 'C5', 'available'),
(228, 8, 'C6', 'available'),
(229, 8, 'D1', 'available'),
(230, 8, 'D2', 'available'),
(231, 8, 'D3', 'available'),
(232, 8, 'D4', 'available'),
(233, 8, 'D5', 'available'),
(234, 8, 'D6', 'available'),
(235, 8, 'E1', 'available'),
(236, 8, 'E2', 'available'),
(237, 8, 'E3', 'available'),
(238, 8, 'E4', 'available'),
(239, 8, 'E5', 'available'),
(240, 8, 'E6', 'available'),
(241, 9, 'A1', 'available'),
(242, 9, 'A2', 'available'),
(243, 9, 'A3', 'available'),
(244, 9, 'A4', 'available'),
(245, 9, 'A5', 'available'),
(246, 9, 'A6', 'available'),
(247, 9, 'B1', 'available'),
(248, 9, 'B2', 'available'),
(249, 9, 'B3', 'available'),
(250, 9, 'B4', 'available'),
(251, 9, 'B5', 'available'),
(252, 9, 'B6', 'available'),
(253, 9, 'C1', 'available'),
(254, 9, 'C2', 'available'),
(255, 9, 'C3', 'available'),
(256, 9, 'C4', 'available'),
(257, 9, 'C5', 'available'),
(258, 9, 'C6', 'available'),
(259, 9, 'D1', 'available'),
(260, 9, 'D2', 'available'),
(261, 9, 'D3', 'available'),
(262, 9, 'D4', 'available'),
(263, 9, 'D5', 'available'),
(264, 9, 'D6', 'available'),
(265, 9, 'E1', 'available'),
(266, 9, 'E2', 'available'),
(267, 9, 'E3', 'available'),
(268, 9, 'E4', 'available'),
(269, 9, 'E5', 'available'),
(270, 9, 'E6', 'available'),
(271, 10, 'A1', 'available'),
(272, 10, 'A2', 'available'),
(273, 10, 'A3', 'available'),
(274, 10, 'A4', 'available'),
(275, 10, 'A5', 'available'),
(276, 10, 'A6', 'available'),
(277, 10, 'B1', 'available'),
(278, 10, 'B2', 'available'),
(279, 10, 'B3', 'available'),
(280, 10, 'B4', 'available'),
(281, 10, 'B5', 'available'),
(282, 10, 'B6', 'available'),
(283, 10, 'C1', 'available'),
(284, 10, 'C2', 'available'),
(285, 10, 'C3', 'available'),
(286, 10, 'C4', 'available'),
(287, 10, 'C5', 'available'),
(288, 10, 'C6', 'available'),
(289, 10, 'D1', 'available'),
(290, 10, 'D2', 'available'),
(291, 10, 'D3', 'available'),
(292, 10, 'D4', 'available'),
(293, 10, 'D5', 'available'),
(294, 10, 'D6', 'available'),
(295, 10, 'E1', 'available'),
(296, 10, 'E2', 'available'),
(297, 10, 'E3', 'available'),
(298, 10, 'E4', 'available'),
(299, 10, 'E5', 'available'),
(300, 10, 'E6', 'available'),
(301, 11, 'A1', 'taken'),
(302, 11, 'A2', 'taken'),
(303, 11, 'A3', 'taken'),
(304, 11, 'A4', 'available'),
(305, 11, 'A5', 'available'),
(306, 11, 'A6', 'available'),
(307, 11, 'B1', 'available'),
(308, 11, 'B2', 'available'),
(309, 11, 'B3', 'available'),
(310, 11, 'B4', 'available'),
(311, 11, 'B5', 'available'),
(312, 11, 'B6', 'available'),
(313, 11, 'C1', 'available'),
(314, 11, 'C2', 'available'),
(315, 11, 'C3', 'available'),
(316, 11, 'C4', 'available'),
(317, 11, 'C5', 'available'),
(318, 11, 'C6', 'available'),
(319, 11, 'D1', 'available'),
(320, 11, 'D2', 'available'),
(321, 11, 'D3', 'available'),
(322, 11, 'D4', 'available'),
(323, 11, 'D5', 'available'),
(324, 11, 'D6', 'available'),
(325, 11, 'E1', 'available'),
(326, 11, 'E2', 'available'),
(327, 11, 'E3', 'available'),
(328, 11, 'E4', 'available'),
(329, 11, 'E5', 'available'),
(330, 11, 'E6', 'available'),
(331, 12, 'A1', 'available'),
(332, 12, 'A2', 'available'),
(333, 12, 'A3', 'available'),
(334, 12, 'A4', 'available'),
(335, 12, 'A5', 'available'),
(336, 12, 'A6', 'available'),
(337, 12, 'B1', 'available'),
(338, 12, 'B2', 'available'),
(339, 12, 'B3', 'available'),
(340, 12, 'B4', 'available'),
(341, 12, 'B5', 'available'),
(342, 12, 'B6', 'available'),
(343, 12, 'C1', 'available'),
(344, 12, 'C2', 'available'),
(345, 12, 'C3', 'available'),
(346, 12, 'C4', 'available'),
(347, 12, 'C5', 'available'),
(348, 12, 'C6', 'available'),
(349, 12, 'D1', 'available'),
(350, 12, 'D2', 'available'),
(351, 12, 'D3', 'available'),
(352, 12, 'D4', 'available'),
(353, 12, 'D5', 'available'),
(354, 12, 'D6', 'available'),
(355, 12, 'E1', 'available'),
(356, 12, 'E2', 'available'),
(357, 12, 'E3', 'available'),
(358, 12, 'E4', 'available'),
(359, 12, 'E5', 'available'),
(360, 12, 'E6', 'available'),
(361, 13, 'A1', 'available'),
(362, 13, 'A2', 'available'),
(363, 13, 'A3', 'available'),
(364, 13, 'A4', 'available'),
(365, 13, 'A5', 'available'),
(366, 13, 'A6', 'available'),
(367, 13, 'B1', 'available'),
(368, 13, 'B2', 'available'),
(369, 13, 'B3', 'available'),
(370, 13, 'B4', 'available'),
(371, 13, 'B5', 'available'),
(372, 13, 'B6', 'available'),
(373, 13, 'C1', 'available'),
(374, 13, 'C2', 'available'),
(375, 13, 'C3', 'available'),
(376, 13, 'C4', 'available'),
(377, 13, 'C5', 'available'),
(378, 13, 'C6', 'available'),
(379, 13, 'D1', 'available'),
(380, 13, 'D2', 'available'),
(381, 13, 'D3', 'available'),
(382, 13, 'D4', 'available'),
(383, 13, 'D5', 'available'),
(384, 13, 'D6', 'available'),
(385, 13, 'E1', 'available'),
(386, 13, 'E2', 'available'),
(387, 13, 'E3', 'available'),
(388, 13, 'E4', 'available'),
(389, 13, 'E5', 'available'),
(390, 13, 'E6', 'available'),
(391, 14, 'A1', 'available'),
(392, 14, 'A2', 'available'),
(393, 14, 'A3', 'available'),
(394, 14, 'A4', 'available'),
(395, 14, 'A5', 'available'),
(396, 14, 'A6', 'available'),
(397, 14, 'B1', 'available'),
(398, 14, 'B2', 'available'),
(399, 14, 'B3', 'taken'),
(400, 14, 'B4', 'available'),
(401, 14, 'B5', 'taken'),
(402, 14, 'B6', 'available'),
(403, 14, 'C1', 'available'),
(404, 14, 'C2', 'available'),
(405, 14, 'C3', 'available'),
(406, 14, 'C4', 'available'),
(407, 14, 'C5', 'available'),
(408, 14, 'C6', 'available'),
(409, 14, 'D1', 'available'),
(410, 14, 'D2', 'available'),
(411, 14, 'D3', 'available'),
(412, 14, 'D4', 'available'),
(413, 14, 'D5', 'available'),
(414, 14, 'D6', 'available'),
(415, 14, 'E1', 'available'),
(416, 14, 'E2', 'available'),
(417, 14, 'E3', 'available'),
(418, 14, 'E4', 'available'),
(419, 14, 'E5', 'available'),
(420, 14, 'E6', 'available'),
(421, 15, 'A1', 'available'),
(422, 15, 'A2', 'available'),
(423, 15, 'A3', 'available'),
(424, 15, 'A4', 'available'),
(425, 15, 'A5', 'available'),
(426, 15, 'A6', 'available'),
(427, 15, 'B1', 'available'),
(428, 15, 'B2', 'available'),
(429, 15, 'B3', 'available'),
(430, 15, 'B4', 'available'),
(431, 15, 'B5', 'available'),
(432, 15, 'B6', 'available'),
(433, 15, 'C1', 'available'),
(434, 15, 'C2', 'available'),
(435, 15, 'C3', 'available'),
(436, 15, 'C4', 'available'),
(437, 15, 'C5', 'available'),
(438, 15, 'C6', 'available'),
(439, 15, 'D1', 'available'),
(440, 15, 'D2', 'available'),
(441, 15, 'D3', 'available'),
(442, 15, 'D4', 'available'),
(443, 15, 'D5', 'available'),
(444, 15, 'D6', 'available'),
(445, 15, 'E1', 'available'),
(446, 15, 'E2', 'available'),
(447, 15, 'E3', 'available'),
(448, 15, 'E4', 'available'),
(449, 15, 'E5', 'available'),
(450, 15, 'E6', 'available'),
(451, 16, 'A1', 'taken'),
(452, 16, 'A2', 'available'),
(453, 16, 'A3', 'available'),
(454, 16, 'A4', 'available'),
(455, 16, 'A5', 'available'),
(456, 16, 'A6', 'available'),
(457, 16, 'B1', 'available'),
(458, 16, 'B2', 'available'),
(459, 16, 'B3', 'available'),
(460, 16, 'B4', 'available'),
(461, 16, 'B5', 'available'),
(462, 16, 'B6', 'available'),
(463, 16, 'C1', 'available'),
(464, 16, 'C2', 'available'),
(465, 16, 'C3', 'available'),
(466, 16, 'C4', 'available'),
(467, 16, 'C5', 'available'),
(468, 16, 'C6', 'available'),
(469, 16, 'D1', 'available'),
(470, 16, 'D2', 'available'),
(471, 16, 'D3', 'available'),
(472, 16, 'D4', 'available'),
(473, 16, 'D5', 'available'),
(474, 16, 'D6', 'available'),
(475, 16, 'E1', 'available'),
(476, 16, 'E2', 'available'),
(477, 16, 'E3', 'available'),
(478, 16, 'E4', 'available'),
(479, 16, 'E5', 'available'),
(480, 16, 'E6', 'available'),
(481, 17, 'A1', 'available'),
(482, 17, 'A2', 'available'),
(483, 17, 'A3', 'available'),
(484, 17, 'A4', 'available'),
(485, 17, 'A5', 'available'),
(486, 17, 'A6', 'available'),
(487, 17, 'B1', 'available'),
(488, 17, 'B2', 'available'),
(489, 17, 'B3', 'available'),
(490, 17, 'B4', 'available'),
(491, 17, 'B5', 'available'),
(492, 17, 'B6', 'available'),
(493, 17, 'C1', 'available'),
(494, 17, 'C2', 'available'),
(495, 17, 'C3', 'available'),
(496, 17, 'C4', 'available'),
(497, 17, 'C5', 'available'),
(498, 17, 'C6', 'available'),
(499, 17, 'D1', 'available'),
(500, 17, 'D2', 'available'),
(501, 17, 'D3', 'available'),
(502, 17, 'D4', 'available'),
(503, 17, 'D5', 'available'),
(504, 17, 'D6', 'available'),
(505, 17, 'E1', 'available'),
(506, 17, 'E2', 'available'),
(507, 17, 'E3', 'available'),
(508, 17, 'E4', 'available'),
(509, 17, 'E5', 'available'),
(510, 17, 'E6', 'available'),
(511, 18, 'A1', 'available'),
(512, 18, 'A2', 'available'),
(513, 18, 'A3', 'available'),
(514, 18, 'A4', 'available'),
(515, 18, 'A5', 'available'),
(516, 18, 'A6', 'available'),
(517, 18, 'B1', 'available'),
(518, 18, 'B2', 'available'),
(519, 18, 'B3', 'available'),
(520, 18, 'B4', 'available'),
(521, 18, 'B5', 'available'),
(522, 18, 'B6', 'available'),
(523, 18, 'C1', 'available'),
(524, 18, 'C2', 'available'),
(525, 18, 'C3', 'available'),
(526, 18, 'C4', 'available'),
(527, 18, 'C5', 'available'),
(528, 18, 'C6', 'available'),
(529, 18, 'D1', 'available'),
(530, 18, 'D2', 'available'),
(531, 18, 'D3', 'available'),
(532, 18, 'D4', 'available'),
(533, 18, 'D5', 'available'),
(534, 18, 'D6', 'available'),
(535, 18, 'E1', 'available'),
(536, 18, 'E2', 'available'),
(537, 18, 'E3', 'available'),
(538, 18, 'E4', 'available'),
(539, 18, 'E5', 'available'),
(540, 18, 'E6', 'available'),
(541, 19, 'A1', 'available'),
(542, 19, 'A2', 'available'),
(543, 19, 'A3', 'available'),
(544, 19, 'A4', 'available'),
(545, 19, 'A5', 'available'),
(546, 19, 'A6', 'available'),
(547, 19, 'B1', 'available'),
(548, 19, 'B2', 'available'),
(549, 19, 'B3', 'available'),
(550, 19, 'B4', 'available'),
(551, 19, 'B5', 'available'),
(552, 19, 'B6', 'available'),
(553, 19, 'C1', 'available'),
(554, 19, 'C2', 'available'),
(555, 19, 'C3', 'available'),
(556, 19, 'C4', 'available'),
(557, 19, 'C5', 'available'),
(558, 19, 'C6', 'available'),
(559, 19, 'D1', 'available'),
(560, 19, 'D2', 'available'),
(561, 19, 'D3', 'available'),
(562, 19, 'D4', 'available'),
(563, 19, 'D5', 'available'),
(564, 19, 'D6', 'available'),
(565, 19, 'E1', 'available'),
(566, 19, 'E2', 'available'),
(567, 19, 'E3', 'available'),
(568, 19, 'E4', 'available'),
(569, 19, 'E5', 'available'),
(570, 19, 'E6', 'available'),
(571, 20, 'A1', 'available'),
(572, 20, 'A2', 'available'),
(573, 20, 'A3', 'available'),
(574, 20, 'A4', 'available'),
(575, 20, 'A5', 'available'),
(576, 20, 'A6', 'available'),
(577, 20, 'B1', 'available'),
(578, 20, 'B2', 'available'),
(579, 20, 'B3', 'available'),
(580, 20, 'B4', 'available'),
(581, 20, 'B5', 'available'),
(582, 20, 'B6', 'available'),
(583, 20, 'C1', 'available'),
(584, 20, 'C2', 'available'),
(585, 20, 'C3', 'available'),
(586, 20, 'C4', 'available'),
(587, 20, 'C5', 'available'),
(588, 20, 'C6', 'available'),
(589, 20, 'D1', 'available'),
(590, 20, 'D2', 'available'),
(591, 20, 'D3', 'available'),
(592, 20, 'D4', 'available'),
(593, 20, 'D5', 'available'),
(594, 20, 'D6', 'available'),
(595, 20, 'E1', 'available'),
(596, 20, 'E2', 'available'),
(597, 20, 'E3', 'available'),
(598, 20, 'E4', 'available'),
(599, 20, 'E5', 'available'),
(600, 20, 'E6', 'available'),
(601, 21, 'A1', 'available'),
(602, 21, 'A2', 'available'),
(603, 21, 'A3', 'available'),
(604, 21, 'A4', 'available'),
(605, 21, 'A5', 'available'),
(606, 21, 'A6', 'available'),
(607, 21, 'B1', 'available'),
(608, 21, 'B2', 'available'),
(609, 21, 'B3', 'available'),
(610, 21, 'B4', 'available'),
(611, 21, 'B5', 'available'),
(612, 21, 'B6', 'available'),
(613, 21, 'C1', 'available'),
(614, 21, 'C2', 'available'),
(615, 21, 'C3', 'available'),
(616, 21, 'C4', 'available'),
(617, 21, 'C5', 'available'),
(618, 21, 'C6', 'available'),
(619, 21, 'D1', 'available'),
(620, 21, 'D2', 'available'),
(621, 21, 'D3', 'available'),
(622, 21, 'D4', 'available'),
(623, 21, 'D5', 'available'),
(624, 21, 'D6', 'available'),
(625, 21, 'E1', 'available'),
(626, 21, 'E2', 'taken'),
(627, 21, 'E3', 'available'),
(628, 21, 'E4', 'available'),
(629, 21, 'E5', 'available'),
(630, 21, 'E6', 'available'),
(631, 22, 'A1', 'available'),
(632, 22, 'A2', 'available'),
(633, 22, 'A3', 'available'),
(634, 22, 'A4', 'available'),
(635, 22, 'A5', 'available'),
(636, 22, 'A6', 'available'),
(637, 22, 'B1', 'available'),
(638, 22, 'B2', 'available'),
(639, 22, 'B3', 'available'),
(640, 22, 'B4', 'available'),
(641, 22, 'B5', 'available'),
(642, 22, 'B6', 'available'),
(643, 22, 'C1', 'available'),
(644, 22, 'C2', 'available'),
(645, 22, 'C3', 'available'),
(646, 22, 'C4', 'available'),
(647, 22, 'C5', 'available'),
(648, 22, 'C6', 'available'),
(649, 22, 'D1', 'available'),
(650, 22, 'D2', 'available'),
(651, 22, 'D3', 'available'),
(652, 22, 'D4', 'available'),
(653, 22, 'D5', 'available'),
(654, 22, 'D6', 'available'),
(655, 22, 'E1', 'available'),
(656, 22, 'E2', 'available'),
(657, 22, 'E3', 'available'),
(658, 22, 'E4', 'available'),
(659, 22, 'E5', 'available'),
(660, 22, 'E6', 'available'),
(661, 23, 'A1', 'available'),
(662, 23, 'A2', 'available'),
(663, 23, 'A3', 'available'),
(664, 23, 'A4', 'available'),
(665, 23, 'A5', 'available'),
(666, 23, 'A6', 'available'),
(667, 23, 'B1', 'available'),
(668, 23, 'B2', 'available'),
(669, 23, 'B3', 'available'),
(670, 23, 'B4', 'available'),
(671, 23, 'B5', 'available'),
(672, 23, 'B6', 'available'),
(673, 23, 'C1', 'available'),
(674, 23, 'C2', 'available'),
(675, 23, 'C3', 'available'),
(676, 23, 'C4', 'available'),
(677, 23, 'C5', 'available'),
(678, 23, 'C6', 'available'),
(679, 23, 'D1', 'available'),
(680, 23, 'D2', 'available'),
(681, 23, 'D3', 'available'),
(682, 23, 'D4', 'available'),
(683, 23, 'D5', 'available'),
(684, 23, 'D6', 'available'),
(685, 23, 'E1', 'available'),
(686, 23, 'E2', 'available'),
(687, 23, 'E3', 'available'),
(688, 23, 'E4', 'available'),
(689, 23, 'E5', 'available'),
(690, 23, 'E6', 'available'),
(691, 24, 'A1', 'available'),
(692, 24, 'A2', 'available'),
(693, 24, 'A3', 'available'),
(694, 24, 'A4', 'available'),
(695, 24, 'A5', 'available'),
(696, 24, 'A6', 'available'),
(697, 24, 'B1', 'available'),
(698, 24, 'B2', 'available'),
(699, 24, 'B3', 'available'),
(700, 24, 'B4', 'available'),
(701, 24, 'B5', 'available'),
(702, 24, 'B6', 'available'),
(703, 24, 'C1', 'available'),
(704, 24, 'C2', 'available'),
(705, 24, 'C3', 'available'),
(706, 24, 'C4', 'available'),
(707, 24, 'C5', 'available'),
(708, 24, 'C6', 'available'),
(709, 24, 'D1', 'available'),
(710, 24, 'D2', 'available'),
(711, 24, 'D3', 'available'),
(712, 24, 'D4', 'available'),
(713, 24, 'D5', 'available'),
(714, 24, 'D6', 'available'),
(715, 24, 'E1', 'available'),
(716, 24, 'E2', 'available'),
(717, 24, 'E3', 'available'),
(718, 24, 'E4', 'available'),
(719, 24, 'E5', 'available'),
(720, 24, 'E6', 'available'),
(721, 25, 'A1', 'available'),
(722, 25, 'A2', 'available'),
(723, 25, 'A3', 'available'),
(724, 25, 'A4', 'available'),
(725, 25, 'A5', 'available'),
(726, 25, 'A6', 'available'),
(727, 25, 'B1', 'available'),
(728, 25, 'B2', 'available'),
(729, 25, 'B3', 'available'),
(730, 25, 'B4', 'available'),
(731, 25, 'B5', 'available'),
(732, 25, 'B6', 'available'),
(733, 25, 'C1', 'available'),
(734, 25, 'C2', 'available'),
(735, 25, 'C3', 'available'),
(736, 25, 'C4', 'available'),
(737, 25, 'C5', 'available'),
(738, 25, 'C6', 'available'),
(739, 25, 'D1', 'available'),
(740, 25, 'D2', 'available'),
(741, 25, 'D3', 'available'),
(742, 25, 'D4', 'available'),
(743, 25, 'D5', 'available'),
(744, 25, 'D6', 'available'),
(745, 25, 'E1', 'available'),
(746, 25, 'E2', 'available'),
(747, 25, 'E3', 'available'),
(748, 25, 'E4', 'available'),
(749, 25, 'E5', 'available'),
(750, 25, 'E6', 'available'),
(751, 26, 'A1', 'available'),
(752, 26, 'A2', 'available'),
(753, 26, 'A3', 'available'),
(754, 26, 'A4', 'available'),
(755, 26, 'A5', 'available'),
(756, 26, 'A6', 'available'),
(757, 26, 'B1', 'available'),
(758, 26, 'B2', 'available'),
(759, 26, 'B3', 'available'),
(760, 26, 'B4', 'available'),
(761, 26, 'B5', 'available'),
(762, 26, 'B6', 'available'),
(763, 26, 'C1', 'available'),
(764, 26, 'C2', 'available'),
(765, 26, 'C3', 'available'),
(766, 26, 'C4', 'available'),
(767, 26, 'C5', 'available'),
(768, 26, 'C6', 'available'),
(769, 26, 'D1', 'available'),
(770, 26, 'D2', 'available'),
(771, 26, 'D3', 'available'),
(772, 26, 'D4', 'available'),
(773, 26, 'D5', 'available'),
(774, 26, 'D6', 'available'),
(775, 26, 'E1', 'available'),
(776, 26, 'E2', 'available'),
(777, 26, 'E3', 'available'),
(778, 26, 'E4', 'available'),
(779, 26, 'E5', 'available'),
(780, 26, 'E6', 'available'),
(781, 27, 'A1', 'available'),
(782, 27, 'A2', 'available'),
(783, 27, 'A3', 'available'),
(784, 27, 'A4', 'available'),
(785, 27, 'A5', 'available'),
(786, 27, 'A6', 'available'),
(787, 27, 'B1', 'available'),
(788, 27, 'B2', 'available'),
(789, 27, 'B3', 'available'),
(790, 27, 'B4', 'available'),
(791, 27, 'B5', 'available'),
(792, 27, 'B6', 'available'),
(793, 27, 'C1', 'available'),
(794, 27, 'C2', 'available'),
(795, 27, 'C3', 'available'),
(796, 27, 'C4', 'available'),
(797, 27, 'C5', 'available'),
(798, 27, 'C6', 'available'),
(799, 27, 'D1', 'available'),
(800, 27, 'D2', 'available'),
(801, 27, 'D3', 'available'),
(802, 27, 'D4', 'available'),
(803, 27, 'D5', 'available'),
(804, 27, 'D6', 'available'),
(805, 27, 'E1', 'available'),
(806, 27, 'E2', 'available'),
(807, 27, 'E3', 'available'),
(808, 27, 'E4', 'available'),
(809, 27, 'E5', 'available'),
(810, 27, 'E6', 'available'),
(811, 28, 'A1', 'available'),
(812, 28, 'A2', 'available'),
(813, 28, 'A3', 'available'),
(814, 28, 'A4', 'available'),
(815, 28, 'A5', 'available'),
(816, 28, 'A6', 'available'),
(817, 28, 'B1', 'available'),
(818, 28, 'B2', 'available'),
(819, 28, 'B3', 'available'),
(820, 28, 'B4', 'available'),
(821, 28, 'B5', 'available'),
(822, 28, 'B6', 'available'),
(823, 28, 'C1', 'available'),
(824, 28, 'C2', 'available'),
(825, 28, 'C3', 'available'),
(826, 28, 'C4', 'available'),
(827, 28, 'C5', 'available'),
(828, 28, 'C6', 'available'),
(829, 28, 'D1', 'available'),
(830, 28, 'D2', 'available'),
(831, 28, 'D3', 'available'),
(832, 28, 'D4', 'available'),
(833, 28, 'D5', 'available'),
(834, 28, 'D6', 'available'),
(835, 28, 'E1', 'available'),
(836, 28, 'E2', 'available'),
(837, 28, 'E3', 'available'),
(838, 28, 'E4', 'available'),
(839, 28, 'E5', 'available'),
(840, 28, 'E6', 'available'),
(841, 29, 'A1', 'available'),
(842, 29, 'A2', 'available'),
(843, 29, 'A3', 'available'),
(844, 29, 'A4', 'available'),
(845, 29, 'A5', 'available'),
(846, 29, 'A6', 'available'),
(847, 29, 'B1', 'available'),
(848, 29, 'B2', 'available'),
(849, 29, 'B3', 'available'),
(850, 29, 'B4', 'available'),
(851, 29, 'B5', 'available'),
(852, 29, 'B6', 'available'),
(853, 29, 'C1', 'available'),
(854, 29, 'C2', 'available'),
(855, 29, 'C3', 'taken'),
(856, 29, 'C4', 'available'),
(857, 29, 'C5', 'available'),
(858, 29, 'C6', 'available'),
(859, 29, 'D1', 'available'),
(860, 29, 'D2', 'available'),
(861, 29, 'D3', 'available'),
(862, 29, 'D4', 'available'),
(863, 29, 'D5', 'available'),
(864, 29, 'D6', 'available'),
(865, 29, 'E1', 'available'),
(866, 29, 'E2', 'available'),
(867, 29, 'E3', 'available'),
(868, 29, 'E4', 'available'),
(869, 29, 'E5', 'available'),
(870, 29, 'E6', 'available'),
(871, 30, 'A1', 'available'),
(872, 30, 'A2', 'available'),
(873, 30, 'A3', 'available'),
(874, 30, 'A4', 'available'),
(875, 30, 'A5', 'available'),
(876, 30, 'A6', 'available'),
(877, 30, 'B1', 'available'),
(878, 30, 'B2', 'available'),
(879, 30, 'B3', 'available'),
(880, 30, 'B4', 'available'),
(881, 30, 'B5', 'available'),
(882, 30, 'B6', 'available'),
(883, 30, 'C1', 'available'),
(884, 30, 'C2', 'available'),
(885, 30, 'C3', 'available'),
(886, 30, 'C4', 'available'),
(887, 30, 'C5', 'available'),
(888, 30, 'C6', 'available'),
(889, 30, 'D1', 'available'),
(890, 30, 'D2', 'taken'),
(891, 30, 'D3', 'available'),
(892, 30, 'D4', 'available'),
(893, 30, 'D5', 'available'),
(894, 30, 'D6', 'available'),
(895, 30, 'E1', 'available'),
(896, 30, 'E2', 'available'),
(897, 30, 'E3', 'available'),
(898, 30, 'E4', 'available'),
(899, 30, 'E5', 'available'),
(900, 30, 'E6', 'available'),
(901, 31, 'A1', 'available'),
(902, 31, 'A2', 'available'),
(903, 31, 'A3', 'available'),
(904, 31, 'A4', 'available'),
(905, 31, 'A5', 'available'),
(906, 31, 'A6', 'available'),
(907, 31, 'B1', 'available'),
(908, 31, 'B2', 'available'),
(909, 31, 'B3', 'available'),
(910, 31, 'B4', 'available'),
(911, 31, 'B5', 'available'),
(912, 31, 'B6', 'available'),
(913, 31, 'C1', 'available'),
(914, 31, 'C2', 'available'),
(915, 31, 'C3', 'available'),
(916, 31, 'C4', 'available'),
(917, 31, 'C5', 'available'),
(918, 31, 'C6', 'available'),
(919, 31, 'D1', 'available'),
(920, 31, 'D2', 'available'),
(921, 31, 'D3', 'available'),
(922, 31, 'D4', 'available'),
(923, 31, 'D5', 'available'),
(924, 31, 'D6', 'available'),
(925, 31, 'E1', 'available'),
(926, 31, 'E2', 'available'),
(927, 31, 'E3', 'available'),
(928, 31, 'E4', 'available'),
(929, 31, 'E5', 'available'),
(930, 31, 'E6', 'available'),
(931, 32, 'A1', 'available'),
(932, 32, 'A2', 'available'),
(933, 32, 'A3', 'available'),
(934, 32, 'A4', 'available'),
(935, 32, 'A5', 'available'),
(936, 32, 'A6', 'available'),
(937, 32, 'B1', 'available'),
(938, 32, 'B2', 'available'),
(939, 32, 'B3', 'available'),
(940, 32, 'B4', 'available'),
(941, 32, 'B5', 'available'),
(942, 32, 'B6', 'available'),
(943, 32, 'C1', 'available'),
(944, 32, 'C2', 'available'),
(945, 32, 'C3', 'available'),
(946, 32, 'C4', 'available'),
(947, 32, 'C5', 'available'),
(948, 32, 'C6', 'available'),
(949, 32, 'D1', 'available'),
(950, 32, 'D2', 'available'),
(951, 32, 'D3', 'available'),
(952, 32, 'D4', 'available'),
(953, 32, 'D5', 'available'),
(954, 32, 'D6', 'available'),
(955, 32, 'E1', 'available'),
(956, 32, 'E2', 'available'),
(957, 32, 'E3', 'available'),
(958, 32, 'E4', 'available'),
(959, 32, 'E5', 'available'),
(960, 32, 'E6', 'available'),
(961, 33, 'A1', 'available'),
(962, 33, 'A2', 'available'),
(963, 33, 'A3', 'available'),
(964, 33, 'A4', 'available'),
(965, 33, 'A5', 'available'),
(966, 33, 'A6', 'available'),
(967, 33, 'B1', 'available'),
(968, 33, 'B2', 'available'),
(969, 33, 'B3', 'available'),
(970, 33, 'B4', 'available'),
(971, 33, 'B5', 'available'),
(972, 33, 'B6', 'available'),
(973, 33, 'C1', 'available'),
(974, 33, 'C2', 'available'),
(975, 33, 'C3', 'available'),
(976, 33, 'C4', 'available'),
(977, 33, 'C5', 'available'),
(978, 33, 'C6', 'available'),
(979, 33, 'D1', 'available'),
(980, 33, 'D2', 'available'),
(981, 33, 'D3', 'available'),
(982, 33, 'D4', 'available'),
(983, 33, 'D5', 'available'),
(984, 33, 'D6', 'available'),
(985, 33, 'E1', 'available'),
(986, 33, 'E2', 'available'),
(987, 33, 'E3', 'available'),
(988, 33, 'E4', 'available'),
(989, 33, 'E5', 'available'),
(990, 33, 'E6', 'available'),
(991, 34, 'A1', 'available'),
(992, 34, 'A2', 'available'),
(993, 34, 'A3', 'available'),
(994, 34, 'A4', 'available'),
(995, 34, 'A5', 'available'),
(996, 34, 'A6', 'available'),
(997, 34, 'B1', 'available'),
(998, 34, 'B2', 'available'),
(999, 34, 'B3', 'available'),
(1000, 34, 'B4', 'available'),
(1001, 34, 'B5', 'available'),
(1002, 34, 'B6', 'available'),
(1003, 34, 'C1', 'available'),
(1004, 34, 'C2', 'available'),
(1005, 34, 'C3', 'available'),
(1006, 34, 'C4', 'available'),
(1007, 34, 'C5', 'available'),
(1008, 34, 'C6', 'available'),
(1009, 34, 'D1', 'available'),
(1010, 34, 'D2', 'available'),
(1011, 34, 'D3', 'available'),
(1012, 34, 'D4', 'available'),
(1013, 34, 'D5', 'available'),
(1014, 34, 'D6', 'available'),
(1015, 34, 'E1', 'available'),
(1016, 34, 'E2', 'available'),
(1017, 34, 'E3', 'available'),
(1018, 34, 'E4', 'available'),
(1019, 34, 'E5', 'available'),
(1020, 34, 'E6', 'available'),
(1021, 35, 'A1', 'available'),
(1022, 35, 'A2', 'available'),
(1023, 35, 'A3', 'available'),
(1024, 35, 'A4', 'available'),
(1025, 35, 'A5', 'available'),
(1026, 35, 'A6', 'available'),
(1027, 35, 'B1', 'available'),
(1028, 35, 'B2', 'available'),
(1029, 35, 'B3', 'available'),
(1030, 35, 'B4', 'available'),
(1031, 35, 'B5', 'available'),
(1032, 35, 'B6', 'available'),
(1033, 35, 'C1', 'available'),
(1034, 35, 'C2', 'available'),
(1035, 35, 'C3', 'available'),
(1036, 35, 'C4', 'available'),
(1037, 35, 'C5', 'available'),
(1038, 35, 'C6', 'available'),
(1039, 35, 'D1', 'available'),
(1040, 35, 'D2', 'available'),
(1041, 35, 'D3', 'available'),
(1042, 35, 'D4', 'available'),
(1043, 35, 'D5', 'available'),
(1044, 35, 'D6', 'available'),
(1045, 35, 'E1', 'available'),
(1046, 35, 'E2', 'available'),
(1047, 35, 'E3', 'available'),
(1048, 35, 'E4', 'available'),
(1049, 35, 'E5', 'available'),
(1050, 35, 'E6', 'available'),
(1051, 36, 'A1', 'available'),
(1052, 36, 'A2', 'available'),
(1053, 36, 'A3', 'available'),
(1054, 36, 'A4', 'available'),
(1055, 36, 'A5', 'available'),
(1056, 36, 'A6', 'available'),
(1057, 36, 'B1', 'available'),
(1058, 36, 'B2', 'available'),
(1059, 36, 'B3', 'available'),
(1060, 36, 'B4', 'available'),
(1061, 36, 'B5', 'available'),
(1062, 36, 'B6', 'available'),
(1063, 36, 'C1', 'available'),
(1064, 36, 'C2', 'available'),
(1065, 36, 'C3', 'available'),
(1066, 36, 'C4', 'available'),
(1067, 36, 'C5', 'available'),
(1068, 36, 'C6', 'available'),
(1069, 36, 'D1', 'available'),
(1070, 36, 'D2', 'available'),
(1071, 36, 'D3', 'available'),
(1072, 36, 'D4', 'available'),
(1073, 36, 'D5', 'available'),
(1074, 36, 'D6', 'available'),
(1075, 36, 'E1', 'available'),
(1076, 36, 'E2', 'available'),
(1077, 36, 'E3', 'available'),
(1078, 36, 'E4', 'available'),
(1079, 36, 'E5', 'available'),
(1080, 36, 'E6', 'available'),
(1081, 37, 'A1', 'available'),
(1082, 37, 'A2', 'available'),
(1083, 37, 'A3', 'available'),
(1084, 37, 'A4', 'available'),
(1085, 37, 'A5', 'available'),
(1086, 37, 'A6', 'available'),
(1087, 37, 'B1', 'available'),
(1088, 37, 'B2', 'available'),
(1089, 37, 'B3', 'available'),
(1090, 37, 'B4', 'available'),
(1091, 37, 'B5', 'available'),
(1092, 37, 'B6', 'available'),
(1093, 37, 'C1', 'available'),
(1094, 37, 'C2', 'available'),
(1095, 37, 'C3', 'available'),
(1096, 37, 'C4', 'available'),
(1097, 37, 'C5', 'available'),
(1098, 37, 'C6', 'available'),
(1099, 37, 'D1', 'available'),
(1100, 37, 'D2', 'available'),
(1101, 37, 'D3', 'available'),
(1102, 37, 'D4', 'available'),
(1103, 37, 'D5', 'available'),
(1104, 37, 'D6', 'available'),
(1105, 37, 'E1', 'available'),
(1106, 37, 'E2', 'available'),
(1107, 37, 'E3', 'available'),
(1108, 37, 'E4', 'available'),
(1109, 37, 'E5', 'available'),
(1110, 37, 'E6', 'available'),
(1111, 38, 'A1', 'available'),
(1112, 38, 'A2', 'available'),
(1113, 38, 'A3', 'available'),
(1114, 38, 'A4', 'available'),
(1115, 38, 'A5', 'available'),
(1116, 38, 'A6', 'available'),
(1117, 38, 'B1', 'available'),
(1118, 38, 'B2', 'available'),
(1119, 38, 'B3', 'available'),
(1120, 38, 'B4', 'available'),
(1121, 38, 'B5', 'available'),
(1122, 38, 'B6', 'available'),
(1123, 38, 'C1', 'available'),
(1124, 38, 'C2', 'available'),
(1125, 38, 'C3', 'available'),
(1126, 38, 'C4', 'available'),
(1127, 38, 'C5', 'available'),
(1128, 38, 'C6', 'available'),
(1129, 38, 'D1', 'available'),
(1130, 38, 'D2', 'available'),
(1131, 38, 'D3', 'available'),
(1132, 38, 'D4', 'available'),
(1133, 38, 'D5', 'available'),
(1134, 38, 'D6', 'available'),
(1135, 38, 'E1', 'available'),
(1136, 38, 'E2', 'available'),
(1137, 38, 'E3', 'available'),
(1138, 38, 'E4', 'available'),
(1139, 38, 'E5', 'available'),
(1140, 38, 'E6', 'available'),
(1141, 39, 'A1', 'available'),
(1142, 39, 'A2', 'available'),
(1143, 39, 'A3', 'available'),
(1144, 39, 'A4', 'available'),
(1145, 39, 'A5', 'available'),
(1146, 39, 'A6', 'available'),
(1147, 39, 'B1', 'available'),
(1148, 39, 'B2', 'available'),
(1149, 39, 'B3', 'available'),
(1150, 39, 'B4', 'available'),
(1151, 39, 'B5', 'available'),
(1152, 39, 'B6', 'available'),
(1153, 39, 'C1', 'available'),
(1154, 39, 'C2', 'available'),
(1155, 39, 'C3', 'available'),
(1156, 39, 'C4', 'available'),
(1157, 39, 'C5', 'available'),
(1158, 39, 'C6', 'available'),
(1159, 39, 'D1', 'available'),
(1160, 39, 'D2', 'available'),
(1161, 39, 'D3', 'available'),
(1162, 39, 'D4', 'available'),
(1163, 39, 'D5', 'available'),
(1164, 39, 'D6', 'available'),
(1165, 39, 'E1', 'available'),
(1166, 39, 'E2', 'available'),
(1167, 39, 'E3', 'available'),
(1168, 39, 'E4', 'available'),
(1169, 39, 'E5', 'available'),
(1170, 39, 'E6', 'available'),
(1171, 40, 'A1', 'available'),
(1172, 40, 'A2', 'available'),
(1173, 40, 'A3', 'available'),
(1174, 40, 'A4', 'available'),
(1175, 40, 'A5', 'available'),
(1176, 40, 'A6', 'available'),
(1177, 40, 'B1', 'available'),
(1178, 40, 'B2', 'available'),
(1179, 40, 'B3', 'available'),
(1180, 40, 'B4', 'available'),
(1181, 40, 'B5', 'available'),
(1182, 40, 'B6', 'available'),
(1183, 40, 'C1', 'available'),
(1184, 40, 'C2', 'available'),
(1185, 40, 'C3', 'available'),
(1186, 40, 'C4', 'available'),
(1187, 40, 'C5', 'available'),
(1188, 40, 'C6', 'available'),
(1189, 40, 'D1', 'available'),
(1190, 40, 'D2', 'available'),
(1191, 40, 'D3', 'available'),
(1192, 40, 'D4', 'available'),
(1193, 40, 'D5', 'available'),
(1194, 40, 'D6', 'available'),
(1195, 40, 'E1', 'available'),
(1196, 40, 'E2', 'available'),
(1197, 40, 'E3', 'available'),
(1198, 40, 'E4', 'available'),
(1199, 40, 'E5', 'available'),
(1200, 40, 'E6', 'available'),
(1201, 41, 'A1', 'available'),
(1202, 41, 'A2', 'available'),
(1203, 41, 'A3', 'available'),
(1204, 41, 'A4', 'available'),
(1205, 41, 'A5', 'available'),
(1206, 41, 'A6', 'available'),
(1207, 41, 'B1', 'available'),
(1208, 41, 'B2', 'available'),
(1209, 41, 'B3', 'available'),
(1210, 41, 'B4', 'available'),
(1211, 41, 'B5', 'available'),
(1212, 41, 'B6', 'available'),
(1213, 41, 'C1', 'available'),
(1214, 41, 'C2', 'available'),
(1215, 41, 'C3', 'available'),
(1216, 41, 'C4', 'available'),
(1217, 41, 'C5', 'available'),
(1218, 41, 'C6', 'available'),
(1219, 41, 'D1', 'available'),
(1220, 41, 'D2', 'available'),
(1221, 41, 'D3', 'available'),
(1222, 41, 'D4', 'available'),
(1223, 41, 'D5', 'available'),
(1224, 41, 'D6', 'available'),
(1225, 41, 'E1', 'available'),
(1226, 41, 'E2', 'available'),
(1227, 41, 'E3', 'available'),
(1228, 41, 'E4', 'available'),
(1229, 41, 'E5', 'available'),
(1230, 41, 'E6', 'available'),
(1231, 42, 'A1', 'available'),
(1232, 42, 'A2', 'available'),
(1233, 42, 'A3', 'available'),
(1234, 42, 'A4', 'available'),
(1235, 42, 'A5', 'available'),
(1236, 42, 'A6', 'available'),
(1237, 42, 'B1', 'available'),
(1238, 42, 'B2', 'available'),
(1239, 42, 'B3', 'available'),
(1240, 42, 'B4', 'available'),
(1241, 42, 'B5', 'available'),
(1242, 42, 'B6', 'available'),
(1243, 42, 'C1', 'available'),
(1244, 42, 'C2', 'available'),
(1245, 42, 'C3', 'available'),
(1246, 42, 'C4', 'available'),
(1247, 42, 'C5', 'available'),
(1248, 42, 'C6', 'available'),
(1249, 42, 'D1', 'available'),
(1250, 42, 'D2', 'available'),
(1251, 42, 'D3', 'available'),
(1252, 42, 'D4', 'available'),
(1253, 42, 'D5', 'available'),
(1254, 42, 'D6', 'available'),
(1255, 42, 'E1', 'available'),
(1256, 42, 'E2', 'available'),
(1257, 42, 'E3', 'available'),
(1258, 42, 'E4', 'available'),
(1259, 42, 'E5', 'available'),
(1260, 42, 'E6', 'available'),
(1261, 43, 'A1', 'available'),
(1262, 43, 'A2', 'available'),
(1263, 43, 'A3', 'available'),
(1264, 43, 'A4', 'available'),
(1265, 43, 'A5', 'available'),
(1266, 43, 'A6', 'available'),
(1267, 43, 'B1', 'available'),
(1268, 43, 'B2', 'available'),
(1269, 43, 'B3', 'available'),
(1270, 43, 'B4', 'available'),
(1271, 43, 'B5', 'available'),
(1272, 43, 'B6', 'available'),
(1273, 43, 'C1', 'available'),
(1274, 43, 'C2', 'available'),
(1275, 43, 'C3', 'available'),
(1276, 43, 'C4', 'available'),
(1277, 43, 'C5', 'available'),
(1278, 43, 'C6', 'available'),
(1279, 43, 'D1', 'available'),
(1280, 43, 'D2', 'available'),
(1281, 43, 'D3', 'available'),
(1282, 43, 'D4', 'available'),
(1283, 43, 'D5', 'available'),
(1284, 43, 'D6', 'available'),
(1285, 43, 'E1', 'available'),
(1286, 43, 'E2', 'available'),
(1287, 43, 'E3', 'available'),
(1288, 43, 'E4', 'available'),
(1289, 43, 'E5', 'available'),
(1290, 43, 'E6', 'available'),
(1291, 44, 'A1', 'available'),
(1292, 44, 'A2', 'available'),
(1293, 44, 'A3', 'available'),
(1294, 44, 'A4', 'available'),
(1295, 44, 'A5', 'available'),
(1296, 44, 'A6', 'available'),
(1297, 44, 'B1', 'available'),
(1298, 44, 'B2', 'available'),
(1299, 44, 'B3', 'available'),
(1300, 44, 'B4', 'available'),
(1301, 44, 'B5', 'available'),
(1302, 44, 'B6', 'available'),
(1303, 44, 'C1', 'available'),
(1304, 44, 'C2', 'available'),
(1305, 44, 'C3', 'available'),
(1306, 44, 'C4', 'available'),
(1307, 44, 'C5', 'available'),
(1308, 44, 'C6', 'available'),
(1309, 44, 'D1', 'available'),
(1310, 44, 'D2', 'available'),
(1311, 44, 'D3', 'available'),
(1312, 44, 'D4', 'available'),
(1313, 44, 'D5', 'available'),
(1314, 44, 'D6', 'available'),
(1315, 44, 'E1', 'available'),
(1316, 44, 'E2', 'available'),
(1317, 44, 'E3', 'available'),
(1318, 44, 'E4', 'available'),
(1319, 44, 'E5', 'available'),
(1320, 44, 'E6', 'available'),
(1321, 45, 'A1', 'available'),
(1322, 45, 'A2', 'available'),
(1323, 45, 'A3', 'available'),
(1324, 45, 'A4', 'available'),
(1325, 45, 'A5', 'available'),
(1326, 45, 'A6', 'available'),
(1327, 45, 'B1', 'available'),
(1328, 45, 'B2', 'available'),
(1329, 45, 'B3', 'available'),
(1330, 45, 'B4', 'available'),
(1331, 45, 'B5', 'available'),
(1332, 45, 'B6', 'available'),
(1333, 45, 'C1', 'available'),
(1334, 45, 'C2', 'available'),
(1335, 45, 'C3', 'available'),
(1336, 45, 'C4', 'available'),
(1337, 45, 'C5', 'available'),
(1338, 45, 'C6', 'available'),
(1339, 45, 'D1', 'available'),
(1340, 45, 'D2', 'available'),
(1341, 45, 'D3', 'available'),
(1342, 45, 'D4', 'available'),
(1343, 45, 'D5', 'available'),
(1344, 45, 'D6', 'available'),
(1345, 45, 'E1', 'available'),
(1346, 45, 'E2', 'available'),
(1347, 45, 'E3', 'available'),
(1348, 45, 'E4', 'available'),
(1349, 45, 'E5', 'available'),
(1350, 45, 'E6', 'available'),
(1351, 46, 'A1', 'available'),
(1352, 46, 'A2', 'available'),
(1353, 46, 'A3', 'available'),
(1354, 46, 'A4', 'available'),
(1355, 46, 'A5', 'available'),
(1356, 46, 'A6', 'available'),
(1357, 46, 'B1', 'available'),
(1358, 46, 'B2', 'available'),
(1359, 46, 'B3', 'available'),
(1360, 46, 'B4', 'available'),
(1361, 46, 'B5', 'available'),
(1362, 46, 'B6', 'available'),
(1363, 46, 'C1', 'available'),
(1364, 46, 'C2', 'available'),
(1365, 46, 'C3', 'available'),
(1366, 46, 'C4', 'available'),
(1367, 46, 'C5', 'available'),
(1368, 46, 'C6', 'available'),
(1369, 46, 'D1', 'available'),
(1370, 46, 'D2', 'available'),
(1371, 46, 'D3', 'available'),
(1372, 46, 'D4', 'available'),
(1373, 46, 'D5', 'available'),
(1374, 46, 'D6', 'available'),
(1375, 46, 'E1', 'available'),
(1376, 46, 'E2', 'available'),
(1377, 46, 'E3', 'available'),
(1378, 46, 'E4', 'available'),
(1379, 46, 'E5', 'available'),
(1380, 46, 'E6', 'available'),
(1381, 47, 'A1', 'available'),
(1382, 47, 'A2', 'available'),
(1383, 47, 'A3', 'available'),
(1384, 47, 'A4', 'available'),
(1385, 47, 'A5', 'available'),
(1386, 47, 'A6', 'available'),
(1387, 47, 'B1', 'available'),
(1388, 47, 'B2', 'available'),
(1389, 47, 'B3', 'available'),
(1390, 47, 'B4', 'available'),
(1391, 47, 'B5', 'available'),
(1392, 47, 'B6', 'available'),
(1393, 47, 'C1', 'available'),
(1394, 47, 'C2', 'available'),
(1395, 47, 'C3', 'available'),
(1396, 47, 'C4', 'available'),
(1397, 47, 'C5', 'available'),
(1398, 47, 'C6', 'available'),
(1399, 47, 'D1', 'available'),
(1400, 47, 'D2', 'available'),
(1401, 47, 'D3', 'available'),
(1402, 47, 'D4', 'available'),
(1403, 47, 'D5', 'available'),
(1404, 47, 'D6', 'available'),
(1405, 47, 'E1', 'available'),
(1406, 47, 'E2', 'available'),
(1407, 47, 'E3', 'available'),
(1408, 47, 'E4', 'available'),
(1409, 47, 'E5', 'available'),
(1410, 47, 'E6', 'available'),
(1411, 48, 'A1', 'available'),
(1412, 48, 'A2', 'available'),
(1413, 48, 'A3', 'available'),
(1414, 48, 'A4', 'available'),
(1415, 48, 'A5', 'available'),
(1416, 48, 'A6', 'available'),
(1417, 48, 'B1', 'available'),
(1418, 48, 'B2', 'available'),
(1419, 48, 'B3', 'available'),
(1420, 48, 'B4', 'available'),
(1421, 48, 'B5', 'available'),
(1422, 48, 'B6', 'available'),
(1423, 48, 'C1', 'available'),
(1424, 48, 'C2', 'available'),
(1425, 48, 'C3', 'available'),
(1426, 48, 'C4', 'available'),
(1427, 48, 'C5', 'available'),
(1428, 48, 'C6', 'available'),
(1429, 48, 'D1', 'available'),
(1430, 48, 'D2', 'available'),
(1431, 48, 'D3', 'available'),
(1432, 48, 'D4', 'available'),
(1433, 48, 'D5', 'available'),
(1434, 48, 'D6', 'available'),
(1435, 48, 'E1', 'available'),
(1436, 48, 'E2', 'available'),
(1437, 48, 'E3', 'available'),
(1438, 48, 'E4', 'taken'),
(1439, 48, 'E5', 'available'),
(1440, 48, 'E6', 'available'),
(1441, 49, 'A1', 'available'),
(1442, 49, 'A2', 'available'),
(1443, 49, 'A3', 'available'),
(1444, 49, 'A4', 'available'),
(1445, 49, 'A5', 'available'),
(1446, 49, 'A6', 'available'),
(1447, 49, 'B1', 'available'),
(1448, 49, 'B2', 'available'),
(1449, 49, 'B3', 'available'),
(1450, 49, 'B4', 'available'),
(1451, 49, 'B5', 'available'),
(1452, 49, 'B6', 'available'),
(1453, 49, 'C1', 'available'),
(1454, 49, 'C2', 'available'),
(1455, 49, 'C3', 'available'),
(1456, 49, 'C4', 'available'),
(1457, 49, 'C5', 'available'),
(1458, 49, 'C6', 'available'),
(1459, 49, 'D1', 'available'),
(1460, 49, 'D2', 'available'),
(1461, 49, 'D3', 'available'),
(1462, 49, 'D4', 'available'),
(1463, 49, 'D5', 'available'),
(1464, 49, 'D6', 'available'),
(1465, 49, 'E1', 'available'),
(1466, 49, 'E2', 'available'),
(1467, 49, 'E3', 'available'),
(1468, 49, 'E4', 'available'),
(1469, 49, 'E5', 'available'),
(1470, 49, 'E6', 'available'),
(1471, 50, 'A1', 'available'),
(1472, 50, 'A2', 'available'),
(1473, 50, 'A3', 'available'),
(1474, 50, 'A4', 'available'),
(1475, 50, 'A5', 'available'),
(1476, 50, 'A6', 'available'),
(1477, 50, 'B1', 'available'),
(1478, 50, 'B2', 'available'),
(1479, 50, 'B3', 'available'),
(1480, 50, 'B4', 'available'),
(1481, 50, 'B5', 'available'),
(1482, 50, 'B6', 'available'),
(1483, 50, 'C1', 'available'),
(1484, 50, 'C2', 'available'),
(1485, 50, 'C3', 'available'),
(1486, 50, 'C4', 'available'),
(1487, 50, 'C5', 'available'),
(1488, 50, 'C6', 'available'),
(1489, 50, 'D1', 'available'),
(1490, 50, 'D2', 'available'),
(1491, 50, 'D3', 'available'),
(1492, 50, 'D4', 'available'),
(1493, 50, 'D5', 'available'),
(1494, 50, 'D6', 'available'),
(1495, 50, 'E1', 'available'),
(1496, 50, 'E2', 'available'),
(1497, 50, 'E3', 'available'),
(1498, 50, 'E4', 'available'),
(1499, 50, 'E5', 'available'),
(1500, 50, 'E6', 'available'),
(1501, 51, 'A1', 'available'),
(1502, 51, 'A2', 'available'),
(1503, 51, 'A3', 'available'),
(1504, 51, 'A4', 'available'),
(1505, 51, 'A5', 'available'),
(1506, 51, 'A6', 'available'),
(1507, 51, 'B1', 'available'),
(1508, 51, 'B2', 'available'),
(1509, 51, 'B3', 'available'),
(1510, 51, 'B4', 'available'),
(1511, 51, 'B5', 'available'),
(1512, 51, 'B6', 'available'),
(1513, 51, 'C1', 'available'),
(1514, 51, 'C2', 'available'),
(1515, 51, 'C3', 'available'),
(1516, 51, 'C4', 'available'),
(1517, 51, 'C5', 'available'),
(1518, 51, 'C6', 'available'),
(1519, 51, 'D1', 'available'),
(1520, 51, 'D2', 'available'),
(1521, 51, 'D3', 'available'),
(1522, 51, 'D4', 'available'),
(1523, 51, 'D5', 'available'),
(1524, 51, 'D6', 'available'),
(1525, 51, 'E1', 'available'),
(1526, 51, 'E2', 'available'),
(1527, 51, 'E3', 'available'),
(1528, 51, 'E4', 'available'),
(1529, 51, 'E5', 'available'),
(1530, 51, 'E6', 'available'),
(1531, 52, 'A1', 'available'),
(1532, 52, 'A2', 'available'),
(1533, 52, 'A3', 'available'),
(1534, 52, 'A4', 'available'),
(1535, 52, 'A5', 'available'),
(1536, 52, 'A6', 'available'),
(1537, 52, 'B1', 'available'),
(1538, 52, 'B2', 'available'),
(1539, 52, 'B3', 'available'),
(1540, 52, 'B4', 'available'),
(1541, 52, 'B5', 'available'),
(1542, 52, 'B6', 'available'),
(1543, 52, 'C1', 'available'),
(1544, 52, 'C2', 'available'),
(1545, 52, 'C3', 'available'),
(1546, 52, 'C4', 'available'),
(1547, 52, 'C5', 'available'),
(1548, 52, 'C6', 'available'),
(1549, 52, 'D1', 'available'),
(1550, 52, 'D2', 'available'),
(1551, 52, 'D3', 'available'),
(1552, 52, 'D4', 'available'),
(1553, 52, 'D5', 'available'),
(1554, 52, 'D6', 'available'),
(1555, 52, 'E1', 'available'),
(1556, 52, 'E2', 'available'),
(1557, 52, 'E3', 'available'),
(1558, 52, 'E4', 'available'),
(1559, 52, 'E5', 'available'),
(1560, 52, 'E6', 'available'),
(1561, 53, 'A1', 'available'),
(1562, 53, 'A2', 'available'),
(1563, 53, 'A3', 'available'),
(1564, 53, 'A4', 'available'),
(1565, 53, 'A5', 'available'),
(1566, 53, 'A6', 'available'),
(1567, 53, 'B1', 'available'),
(1568, 53, 'B2', 'available'),
(1569, 53, 'B3', 'taken'),
(1570, 53, 'B4', 'taken'),
(1571, 53, 'B5', 'available'),
(1572, 53, 'B6', 'available'),
(1573, 53, 'C1', 'available'),
(1574, 53, 'C2', 'available'),
(1575, 53, 'C3', 'available'),
(1576, 53, 'C4', 'taken'),
(1577, 53, 'C5', 'available'),
(1578, 53, 'C6', 'available'),
(1579, 53, 'D1', 'available'),
(1580, 53, 'D2', 'available'),
(1581, 53, 'D3', 'available'),
(1582, 53, 'D4', 'available'),
(1583, 53, 'D5', 'available'),
(1584, 53, 'D6', 'available'),
(1585, 53, 'E1', 'available'),
(1586, 53, 'E2', 'available'),
(1587, 53, 'E3', 'available'),
(1588, 53, 'E4', 'available'),
(1589, 53, 'E5', 'available'),
(1590, 53, 'E6', 'available'),
(1591, 54, 'A1', 'available'),
(1592, 54, 'A2', 'available'),
(1593, 54, 'A3', 'available'),
(1594, 54, 'A4', 'available'),
(1595, 54, 'A5', 'available'),
(1596, 54, 'A6', 'available'),
(1597, 54, 'B1', 'available'),
(1598, 54, 'B2', 'available'),
(1599, 54, 'B3', 'available'),
(1600, 54, 'B4', 'available'),
(1601, 54, 'B5', 'available'),
(1602, 54, 'B6', 'available'),
(1603, 54, 'C1', 'available'),
(1604, 54, 'C2', 'available'),
(1605, 54, 'C3', 'available'),
(1606, 54, 'C4', 'available'),
(1607, 54, 'C5', 'available'),
(1608, 54, 'C6', 'available'),
(1609, 54, 'D1', 'available'),
(1610, 54, 'D2', 'available'),
(1611, 54, 'D3', 'available'),
(1612, 54, 'D4', 'available'),
(1613, 54, 'D5', 'available'),
(1614, 54, 'D6', 'available'),
(1615, 54, 'E1', 'available'),
(1616, 54, 'E2', 'available'),
(1617, 54, 'E3', 'available'),
(1618, 54, 'E4', 'available'),
(1619, 54, 'E5', 'available'),
(1620, 54, 'E6', 'available'),
(1621, 55, 'A1', 'available'),
(1622, 55, 'A2', 'available'),
(1623, 55, 'A3', 'available'),
(1624, 55, 'A4', 'available'),
(1625, 55, 'A5', 'available'),
(1626, 55, 'A6', 'available'),
(1627, 55, 'B1', 'available'),
(1628, 55, 'B2', 'available'),
(1629, 55, 'B3', 'available'),
(1630, 55, 'B4', 'available'),
(1631, 55, 'B5', 'available'),
(1632, 55, 'B6', 'available'),
(1633, 55, 'C1', 'available'),
(1634, 55, 'C2', 'available'),
(1635, 55, 'C3', 'available'),
(1636, 55, 'C4', 'available'),
(1637, 55, 'C5', 'available'),
(1638, 55, 'C6', 'available'),
(1639, 55, 'D1', 'available'),
(1640, 55, 'D2', 'available'),
(1641, 55, 'D3', 'available'),
(1642, 55, 'D4', 'available'),
(1643, 55, 'D5', 'available'),
(1644, 55, 'D6', 'available'),
(1645, 55, 'E1', 'available'),
(1646, 55, 'E2', 'available'),
(1647, 55, 'E3', 'available'),
(1648, 55, 'E4', 'available'),
(1649, 55, 'E5', 'available'),
(1650, 55, 'E6', 'available'),
(1651, 56, 'A1', 'available'),
(1652, 56, 'A2', 'available'),
(1653, 56, 'A3', 'available'),
(1654, 56, 'A4', 'available'),
(1655, 56, 'A5', 'available'),
(1656, 56, 'A6', 'available'),
(1657, 56, 'B1', 'available'),
(1658, 56, 'B2', 'available'),
(1659, 56, 'B3', 'available'),
(1660, 56, 'B4', 'available'),
(1661, 56, 'B5', 'available'),
(1662, 56, 'B6', 'available'),
(1663, 56, 'C1', 'available'),
(1664, 56, 'C2', 'available'),
(1665, 56, 'C3', 'available'),
(1666, 56, 'C4', 'available'),
(1667, 56, 'C5', 'available'),
(1668, 56, 'C6', 'available'),
(1669, 56, 'D1', 'available'),
(1670, 56, 'D2', 'available'),
(1671, 56, 'D3', 'available'),
(1672, 56, 'D4', 'available'),
(1673, 56, 'D5', 'available'),
(1674, 56, 'D6', 'available'),
(1675, 56, 'E1', 'available'),
(1676, 56, 'E2', 'available'),
(1677, 56, 'E3', 'available'),
(1678, 56, 'E4', 'available'),
(1679, 56, 'E5', 'available'),
(1680, 56, 'E6', 'available'),
(1681, 57, 'A1', 'available'),
(1682, 57, 'A2', 'available'),
(1683, 57, 'A3', 'available'),
(1684, 57, 'A4', 'available'),
(1685, 57, 'A5', 'available'),
(1686, 57, 'A6', 'available'),
(1687, 57, 'B1', 'available'),
(1688, 57, 'B2', 'available'),
(1689, 57, 'B3', 'available'),
(1690, 57, 'B4', 'available'),
(1691, 57, 'B5', 'available'),
(1692, 57, 'B6', 'available'),
(1693, 57, 'C1', 'available'),
(1694, 57, 'C2', 'available'),
(1695, 57, 'C3', 'available'),
(1696, 57, 'C4', 'available'),
(1697, 57, 'C5', 'available'),
(1698, 57, 'C6', 'available'),
(1699, 57, 'D1', 'available'),
(1700, 57, 'D2', 'available'),
(1701, 57, 'D3', 'available'),
(1702, 57, 'D4', 'available'),
(1703, 57, 'D5', 'available'),
(1704, 57, 'D6', 'available'),
(1705, 57, 'E1', 'available'),
(1706, 57, 'E2', 'available'),
(1707, 57, 'E3', 'available'),
(1708, 57, 'E4', 'available'),
(1709, 57, 'E5', 'available'),
(1710, 57, 'E6', 'available'),
(1711, 58, 'A1', 'available'),
(1712, 58, 'A2', 'available'),
(1713, 58, 'A3', 'available'),
(1714, 58, 'A4', 'taken'),
(1715, 58, 'A5', 'available'),
(1716, 58, 'A6', 'available'),
(1717, 58, 'B1', 'available'),
(1718, 58, 'B2', 'available'),
(1719, 58, 'B3', 'taken'),
(1720, 58, 'B4', 'available'),
(1721, 58, 'B5', 'available'),
(1722, 58, 'B6', 'available'),
(1723, 58, 'C1', 'available'),
(1724, 58, 'C2', 'available'),
(1725, 58, 'C3', 'available'),
(1726, 58, 'C4', 'taken'),
(1727, 58, 'C5', 'available'),
(1728, 58, 'C6', 'available'),
(1729, 58, 'D1', 'available'),
(1730, 58, 'D2', 'available'),
(1731, 58, 'D3', 'available'),
(1732, 58, 'D4', 'available'),
(1733, 58, 'D5', 'available'),
(1734, 58, 'D6', 'available'),
(1735, 58, 'E1', 'available'),
(1736, 58, 'E2', 'available'),
(1737, 58, 'E3', 'available'),
(1738, 58, 'E4', 'available'),
(1739, 58, 'E5', 'available'),
(1740, 58, 'E6', 'available'),
(1741, 59, 'A1', 'available'),
(1742, 59, 'A2', 'available'),
(1743, 59, 'A3', 'available'),
(1744, 59, 'A4', 'available'),
(1745, 59, 'A5', 'available'),
(1746, 59, 'A6', 'available'),
(1747, 59, 'B1', 'available'),
(1748, 59, 'B2', 'available'),
(1749, 59, 'B3', 'available'),
(1750, 59, 'B4', 'available'),
(1751, 59, 'B5', 'available'),
(1752, 59, 'B6', 'available'),
(1753, 59, 'C1', 'available'),
(1754, 59, 'C2', 'available'),
(1755, 59, 'C3', 'available'),
(1756, 59, 'C4', 'available'),
(1757, 59, 'C5', 'available'),
(1758, 59, 'C6', 'available'),
(1759, 59, 'D1', 'available'),
(1760, 59, 'D2', 'available'),
(1761, 59, 'D3', 'available'),
(1762, 59, 'D4', 'available'),
(1763, 59, 'D5', 'available'),
(1764, 59, 'D6', 'available'),
(1765, 59, 'E1', 'available'),
(1766, 59, 'E2', 'available'),
(1767, 59, 'E3', 'available'),
(1768, 59, 'E4', 'available'),
(1769, 59, 'E5', 'available'),
(1770, 59, 'E6', 'available'),
(1771, 60, 'A1', 'available'),
(1772, 60, 'A2', 'available');
INSERT INTO `seats` (`seat_id`, `showtime_id`, `seat_name`, `status`) VALUES
(1773, 60, 'A3', 'available'),
(1774, 60, 'A4', 'available'),
(1775, 60, 'A5', 'available'),
(1776, 60, 'A6', 'available'),
(1777, 60, 'B1', 'available'),
(1778, 60, 'B2', 'available'),
(1779, 60, 'B3', 'available'),
(1780, 60, 'B4', 'available'),
(1781, 60, 'B5', 'available'),
(1782, 60, 'B6', 'available'),
(1783, 60, 'C1', 'available'),
(1784, 60, 'C2', 'available'),
(1785, 60, 'C3', 'available'),
(1786, 60, 'C4', 'available'),
(1787, 60, 'C5', 'available'),
(1788, 60, 'C6', 'available'),
(1789, 60, 'D1', 'available'),
(1790, 60, 'D2', 'available'),
(1791, 60, 'D3', 'available'),
(1792, 60, 'D4', 'available'),
(1793, 60, 'D5', 'available'),
(1794, 60, 'D6', 'available'),
(1795, 60, 'E1', 'available'),
(1796, 60, 'E2', 'available'),
(1797, 60, 'E3', 'available'),
(1798, 60, 'E4', 'available'),
(1799, 60, 'E5', 'available'),
(1800, 60, 'E6', 'available'),
(1801, 61, 'A1', 'available'),
(1802, 61, 'A2', 'available'),
(1803, 61, 'A3', 'available'),
(1804, 61, 'A4', 'available'),
(1805, 61, 'A5', 'available'),
(1806, 61, 'A6', 'available'),
(1807, 61, 'B1', 'available'),
(1808, 61, 'B2', 'available'),
(1809, 61, 'B3', 'available'),
(1810, 61, 'B4', 'available'),
(1811, 61, 'B5', 'available'),
(1812, 61, 'B6', 'available'),
(1813, 61, 'C1', 'available'),
(1814, 61, 'C2', 'available'),
(1815, 61, 'C3', 'available'),
(1816, 61, 'C4', 'available'),
(1817, 61, 'C5', 'available'),
(1818, 61, 'C6', 'available'),
(1819, 61, 'D1', 'available'),
(1820, 61, 'D2', 'available'),
(1821, 61, 'D3', 'available'),
(1822, 61, 'D4', 'available'),
(1823, 61, 'D5', 'available'),
(1824, 61, 'D6', 'available'),
(1825, 61, 'E1', 'available'),
(1826, 61, 'E2', 'available'),
(1827, 61, 'E3', 'available'),
(1828, 61, 'E4', 'available'),
(1829, 61, 'E5', 'available'),
(1830, 61, 'E6', 'available'),
(1831, 62, 'A1', 'available'),
(1832, 62, 'A2', 'available'),
(1833, 62, 'A3', 'available'),
(1834, 62, 'A4', 'available'),
(1835, 62, 'A5', 'available'),
(1836, 62, 'A6', 'available'),
(1837, 62, 'B1', 'available'),
(1838, 62, 'B2', 'available'),
(1839, 62, 'B3', 'available'),
(1840, 62, 'B4', 'available'),
(1841, 62, 'B5', 'available'),
(1842, 62, 'B6', 'available'),
(1843, 62, 'C1', 'available'),
(1844, 62, 'C2', 'available'),
(1845, 62, 'C3', 'available'),
(1846, 62, 'C4', 'available'),
(1847, 62, 'C5', 'available'),
(1848, 62, 'C6', 'available'),
(1849, 62, 'D1', 'available'),
(1850, 62, 'D2', 'available'),
(1851, 62, 'D3', 'available'),
(1852, 62, 'D4', 'available'),
(1853, 62, 'D5', 'available'),
(1854, 62, 'D6', 'available'),
(1855, 62, 'E1', 'available'),
(1856, 62, 'E2', 'available'),
(1857, 62, 'E3', 'available'),
(1858, 62, 'E4', 'available'),
(1859, 62, 'E5', 'available'),
(1860, 62, 'E6', 'available'),
(1861, 63, 'A1', 'available'),
(1862, 63, 'A2', 'available'),
(1863, 63, 'A3', 'available'),
(1864, 63, 'A4', 'available'),
(1865, 63, 'A5', 'available'),
(1866, 63, 'A6', 'available'),
(1867, 63, 'B1', 'available'),
(1868, 63, 'B2', 'available'),
(1869, 63, 'B3', 'available'),
(1870, 63, 'B4', 'available'),
(1871, 63, 'B5', 'available'),
(1872, 63, 'B6', 'available'),
(1873, 63, 'C1', 'available'),
(1874, 63, 'C2', 'available'),
(1875, 63, 'C3', 'available'),
(1876, 63, 'C4', 'available'),
(1877, 63, 'C5', 'available'),
(1878, 63, 'C6', 'available'),
(1879, 63, 'D1', 'available'),
(1880, 63, 'D2', 'available'),
(1881, 63, 'D3', 'available'),
(1882, 63, 'D4', 'available'),
(1883, 63, 'D5', 'available'),
(1884, 63, 'D6', 'available'),
(1885, 63, 'E1', 'available'),
(1886, 63, 'E2', 'available'),
(1887, 63, 'E3', 'available'),
(1888, 63, 'E4', 'available'),
(1889, 63, 'E5', 'available'),
(1890, 63, 'E6', 'available'),
(1891, 64, 'A1', 'available'),
(1892, 64, 'A2', 'available'),
(1893, 64, 'A3', 'available'),
(1894, 64, 'A4', 'available'),
(1895, 64, 'A5', 'available'),
(1896, 64, 'A6', 'available'),
(1897, 64, 'B1', 'available'),
(1898, 64, 'B2', 'available'),
(1899, 64, 'B3', 'available'),
(1900, 64, 'B4', 'available'),
(1901, 64, 'B5', 'taken'),
(1902, 64, 'B6', 'available'),
(1903, 64, 'C1', 'available'),
(1904, 64, 'C2', 'available'),
(1905, 64, 'C3', 'available'),
(1906, 64, 'C4', 'available'),
(1907, 64, 'C5', 'available'),
(1908, 64, 'C6', 'available'),
(1909, 64, 'D1', 'available'),
(1910, 64, 'D2', 'available'),
(1911, 64, 'D3', 'available'),
(1912, 64, 'D4', 'available'),
(1913, 64, 'D5', 'available'),
(1914, 64, 'D6', 'available'),
(1915, 64, 'E1', 'available'),
(1916, 64, 'E2', 'available'),
(1917, 64, 'E3', 'available'),
(1918, 64, 'E4', 'available'),
(1919, 64, 'E5', 'available'),
(1920, 64, 'E6', 'available'),
(1921, 65, 'A1', 'available'),
(1922, 65, 'A2', 'available'),
(1923, 65, 'A3', 'available'),
(1924, 65, 'A4', 'available'),
(1925, 65, 'A5', 'available'),
(1926, 65, 'A6', 'available'),
(1927, 65, 'B1', 'available'),
(1928, 65, 'B2', 'available'),
(1929, 65, 'B3', 'available'),
(1930, 65, 'B4', 'available'),
(1931, 65, 'B5', 'available'),
(1932, 65, 'B6', 'available'),
(1933, 65, 'C1', 'available'),
(1934, 65, 'C2', 'available'),
(1935, 65, 'C3', 'available'),
(1936, 65, 'C4', 'available'),
(1937, 65, 'C5', 'available'),
(1938, 65, 'C6', 'available'),
(1939, 65, 'D1', 'available'),
(1940, 65, 'D2', 'available'),
(1941, 65, 'D3', 'available'),
(1942, 65, 'D4', 'available'),
(1943, 65, 'D5', 'available'),
(1944, 65, 'D6', 'available'),
(1945, 65, 'E1', 'available'),
(1946, 65, 'E2', 'available'),
(1947, 65, 'E3', 'available'),
(1948, 65, 'E4', 'available'),
(1949, 65, 'E5', 'available'),
(1950, 65, 'E6', 'available'),
(1951, 66, 'A1', 'available'),
(1952, 66, 'A2', 'available'),
(1953, 66, 'A3', 'available'),
(1954, 66, 'A4', 'available'),
(1955, 66, 'A5', 'available'),
(1956, 66, 'A6', 'available'),
(1957, 66, 'B1', 'available'),
(1958, 66, 'B2', 'available'),
(1959, 66, 'B3', 'available'),
(1960, 66, 'B4', 'available'),
(1961, 66, 'B5', 'available'),
(1962, 66, 'B6', 'available'),
(1963, 66, 'C1', 'available'),
(1964, 66, 'C2', 'available'),
(1965, 66, 'C3', 'available'),
(1966, 66, 'C4', 'available'),
(1967, 66, 'C5', 'available'),
(1968, 66, 'C6', 'available'),
(1969, 66, 'D1', 'available'),
(1970, 66, 'D2', 'available'),
(1971, 66, 'D3', 'available'),
(1972, 66, 'D4', 'available'),
(1973, 66, 'D5', 'available'),
(1974, 66, 'D6', 'available'),
(1975, 66, 'E1', 'available'),
(1976, 66, 'E2', 'available'),
(1977, 66, 'E3', 'available'),
(1978, 66, 'E4', 'available'),
(1979, 66, 'E5', 'available'),
(1980, 66, 'E6', 'available'),
(1981, 67, 'A1', 'available'),
(1982, 67, 'A2', 'available'),
(1983, 67, 'A3', 'available'),
(1984, 67, 'A4', 'available'),
(1985, 67, 'A5', 'available'),
(1986, 67, 'A6', 'available'),
(1987, 67, 'B1', 'available'),
(1988, 67, 'B2', 'available'),
(1989, 67, 'B3', 'available'),
(1990, 67, 'B4', 'available'),
(1991, 67, 'B5', 'available'),
(1992, 67, 'B6', 'available'),
(1993, 67, 'C1', 'available'),
(1994, 67, 'C2', 'available'),
(1995, 67, 'C3', 'available'),
(1996, 67, 'C4', 'available'),
(1997, 67, 'C5', 'available'),
(1998, 67, 'C6', 'available'),
(1999, 67, 'D1', 'available'),
(2000, 67, 'D2', 'available'),
(2001, 67, 'D3', 'available'),
(2002, 67, 'D4', 'available'),
(2003, 67, 'D5', 'available'),
(2004, 67, 'D6', 'available'),
(2005, 67, 'E1', 'available'),
(2006, 67, 'E2', 'available'),
(2007, 67, 'E3', 'available'),
(2008, 67, 'E4', 'available'),
(2009, 67, 'E5', 'available'),
(2010, 67, 'E6', 'available'),
(2011, 68, 'A1', 'available'),
(2012, 68, 'A2', 'available'),
(2013, 68, 'A3', 'available'),
(2014, 68, 'A4', 'available'),
(2015, 68, 'A5', 'available'),
(2016, 68, 'A6', 'available'),
(2017, 68, 'B1', 'available'),
(2018, 68, 'B2', 'available'),
(2019, 68, 'B3', 'available'),
(2020, 68, 'B4', 'available'),
(2021, 68, 'B5', 'available'),
(2022, 68, 'B6', 'available'),
(2023, 68, 'C1', 'available'),
(2024, 68, 'C2', 'available'),
(2025, 68, 'C3', 'available'),
(2026, 68, 'C4', 'available'),
(2027, 68, 'C5', 'available'),
(2028, 68, 'C6', 'available'),
(2029, 68, 'D1', 'available'),
(2030, 68, 'D2', 'available'),
(2031, 68, 'D3', 'available'),
(2032, 68, 'D4', 'available'),
(2033, 68, 'D5', 'available'),
(2034, 68, 'D6', 'available'),
(2035, 68, 'E1', 'available'),
(2036, 68, 'E2', 'available'),
(2037, 68, 'E3', 'available'),
(2038, 68, 'E4', 'available'),
(2039, 68, 'E5', 'available'),
(2040, 68, 'E6', 'available'),
(2041, 69, 'A1', 'available'),
(2042, 69, 'A2', 'available'),
(2043, 69, 'A3', 'available'),
(2044, 69, 'A4', 'available'),
(2045, 69, 'A5', 'available'),
(2046, 69, 'A6', 'available'),
(2047, 69, 'B1', 'available'),
(2048, 69, 'B2', 'available'),
(2049, 69, 'B3', 'available'),
(2050, 69, 'B4', 'available'),
(2051, 69, 'B5', 'available'),
(2052, 69, 'B6', 'available'),
(2053, 69, 'C1', 'available'),
(2054, 69, 'C2', 'available'),
(2055, 69, 'C3', 'available'),
(2056, 69, 'C4', 'available'),
(2057, 69, 'C5', 'available'),
(2058, 69, 'C6', 'available'),
(2059, 69, 'D1', 'available'),
(2060, 69, 'D2', 'available'),
(2061, 69, 'D3', 'available'),
(2062, 69, 'D4', 'available'),
(2063, 69, 'D5', 'available'),
(2064, 69, 'D6', 'available'),
(2065, 69, 'E1', 'available'),
(2066, 69, 'E2', 'available'),
(2067, 69, 'E3', 'available'),
(2068, 69, 'E4', 'available'),
(2069, 69, 'E5', 'available'),
(2070, 69, 'E6', 'available'),
(2071, 70, 'A1', 'available'),
(2072, 70, 'A2', 'available'),
(2073, 70, 'A3', 'available'),
(2074, 70, 'A4', 'available'),
(2075, 70, 'A5', 'available'),
(2076, 70, 'A6', 'available'),
(2077, 70, 'B1', 'available'),
(2078, 70, 'B2', 'available'),
(2079, 70, 'B3', 'available'),
(2080, 70, 'B4', 'available'),
(2081, 70, 'B5', 'available'),
(2082, 70, 'B6', 'available'),
(2083, 70, 'C1', 'available'),
(2084, 70, 'C2', 'available'),
(2085, 70, 'C3', 'available'),
(2086, 70, 'C4', 'available'),
(2087, 70, 'C5', 'available'),
(2088, 70, 'C6', 'available'),
(2089, 70, 'D1', 'available'),
(2090, 70, 'D2', 'available'),
(2091, 70, 'D3', 'available'),
(2092, 70, 'D4', 'available'),
(2093, 70, 'D5', 'available'),
(2094, 70, 'D6', 'available'),
(2095, 70, 'E1', 'available'),
(2096, 70, 'E2', 'available'),
(2097, 70, 'E3', 'available'),
(2098, 70, 'E4', 'available'),
(2099, 70, 'E5', 'available'),
(2100, 70, 'E6', 'available'),
(2101, 71, 'A1', 'available'),
(2102, 71, 'A2', 'available'),
(2103, 71, 'A3', 'available'),
(2104, 71, 'A4', 'available'),
(2105, 71, 'A5', 'available'),
(2106, 71, 'A6', 'available'),
(2107, 71, 'B1', 'available'),
(2108, 71, 'B2', 'available'),
(2109, 71, 'B3', 'available'),
(2110, 71, 'B4', 'available'),
(2111, 71, 'B5', 'available'),
(2112, 71, 'B6', 'available'),
(2113, 71, 'C1', 'available'),
(2114, 71, 'C2', 'available'),
(2115, 71, 'C3', 'available'),
(2116, 71, 'C4', 'available'),
(2117, 71, 'C5', 'available'),
(2118, 71, 'C6', 'available'),
(2119, 71, 'D1', 'available'),
(2120, 71, 'D2', 'available'),
(2121, 71, 'D3', 'available'),
(2122, 71, 'D4', 'available'),
(2123, 71, 'D5', 'available'),
(2124, 71, 'D6', 'available'),
(2125, 71, 'E1', 'available'),
(2126, 71, 'E2', 'available'),
(2127, 71, 'E3', 'available'),
(2128, 71, 'E4', 'available'),
(2129, 71, 'E5', 'available'),
(2130, 71, 'E6', 'available'),
(2131, 72, 'A1', 'available'),
(2132, 72, 'A2', 'available'),
(2133, 72, 'A3', 'available'),
(2134, 72, 'A4', 'available'),
(2135, 72, 'A5', 'available'),
(2136, 72, 'A6', 'available'),
(2137, 72, 'B1', 'available'),
(2138, 72, 'B2', 'available'),
(2139, 72, 'B3', 'available'),
(2140, 72, 'B4', 'available'),
(2141, 72, 'B5', 'available'),
(2142, 72, 'B6', 'available'),
(2143, 72, 'C1', 'available'),
(2144, 72, 'C2', 'available'),
(2145, 72, 'C3', 'available'),
(2146, 72, 'C4', 'available'),
(2147, 72, 'C5', 'available'),
(2148, 72, 'C6', 'available'),
(2149, 72, 'D1', 'available'),
(2150, 72, 'D2', 'available'),
(2151, 72, 'D3', 'available'),
(2152, 72, 'D4', 'available'),
(2153, 72, 'D5', 'available'),
(2154, 72, 'D6', 'available'),
(2155, 72, 'E1', 'available'),
(2156, 72, 'E2', 'available'),
(2157, 72, 'E3', 'available'),
(2158, 72, 'E4', 'available'),
(2159, 72, 'E5', 'available'),
(2160, 72, 'E6', 'available'),
(2161, 73, 'A1', 'available'),
(2162, 73, 'A2', 'available'),
(2163, 73, 'A3', 'available'),
(2164, 73, 'A4', 'available'),
(2165, 73, 'A5', 'available'),
(2166, 73, 'A6', 'available'),
(2167, 73, 'B1', 'available'),
(2168, 73, 'B2', 'available'),
(2169, 73, 'B3', 'available'),
(2170, 73, 'B4', 'available'),
(2171, 73, 'B5', 'available'),
(2172, 73, 'B6', 'available'),
(2173, 73, 'C1', 'available'),
(2174, 73, 'C2', 'available'),
(2175, 73, 'C3', 'available'),
(2176, 73, 'C4', 'available'),
(2177, 73, 'C5', 'available'),
(2178, 73, 'C6', 'available'),
(2179, 73, 'D1', 'available'),
(2180, 73, 'D2', 'available'),
(2181, 73, 'D3', 'available'),
(2182, 73, 'D4', 'available'),
(2183, 73, 'D5', 'available'),
(2184, 73, 'D6', 'available'),
(2185, 73, 'E1', 'available'),
(2186, 73, 'E2', 'available'),
(2187, 73, 'E3', 'available'),
(2188, 73, 'E4', 'available'),
(2189, 73, 'E5', 'available'),
(2190, 73, 'E6', 'available'),
(2191, 74, 'A1', 'available'),
(2192, 74, 'A2', 'available'),
(2193, 74, 'A3', 'available'),
(2194, 74, 'A4', 'available'),
(2195, 74, 'A5', 'available'),
(2196, 74, 'A6', 'available'),
(2197, 74, 'B1', 'available'),
(2198, 74, 'B2', 'available'),
(2199, 74, 'B3', 'available'),
(2200, 74, 'B4', 'available'),
(2201, 74, 'B5', 'available'),
(2202, 74, 'B6', 'available'),
(2203, 74, 'C1', 'available'),
(2204, 74, 'C2', 'available'),
(2205, 74, 'C3', 'available'),
(2206, 74, 'C4', 'available'),
(2207, 74, 'C5', 'available'),
(2208, 74, 'C6', 'available'),
(2209, 74, 'D1', 'available'),
(2210, 74, 'D2', 'available'),
(2211, 74, 'D3', 'available'),
(2212, 74, 'D4', 'available'),
(2213, 74, 'D5', 'available'),
(2214, 74, 'D6', 'available'),
(2215, 74, 'E1', 'available'),
(2216, 74, 'E2', 'available'),
(2217, 74, 'E3', 'available'),
(2218, 74, 'E4', 'available'),
(2219, 74, 'E5', 'available'),
(2220, 74, 'E6', 'available'),
(2221, 75, 'A1', 'available'),
(2222, 75, 'A2', 'available'),
(2223, 75, 'A3', 'available'),
(2224, 75, 'A4', 'available'),
(2225, 75, 'A5', 'available'),
(2226, 75, 'A6', 'available'),
(2227, 75, 'B1', 'available'),
(2228, 75, 'B2', 'available'),
(2229, 75, 'B3', 'available'),
(2230, 75, 'B4', 'available'),
(2231, 75, 'B5', 'available'),
(2232, 75, 'B6', 'available'),
(2233, 75, 'C1', 'available'),
(2234, 75, 'C2', 'available'),
(2235, 75, 'C3', 'available'),
(2236, 75, 'C4', 'available'),
(2237, 75, 'C5', 'available'),
(2238, 75, 'C6', 'available'),
(2239, 75, 'D1', 'available'),
(2240, 75, 'D2', 'available'),
(2241, 75, 'D3', 'available'),
(2242, 75, 'D4', 'available'),
(2243, 75, 'D5', 'available'),
(2244, 75, 'D6', 'available'),
(2245, 75, 'E1', 'available'),
(2246, 75, 'E2', 'available'),
(2247, 75, 'E3', 'available'),
(2248, 75, 'E4', 'available'),
(2249, 75, 'E5', 'available'),
(2250, 75, 'E6', 'available'),
(2251, 76, 'A1', 'available'),
(2252, 76, 'A2', 'available'),
(2253, 76, 'A3', 'available'),
(2254, 76, 'A4', 'available'),
(2255, 76, 'A5', 'available'),
(2256, 76, 'A6', 'available'),
(2257, 76, 'B1', 'available'),
(2258, 76, 'B2', 'available'),
(2259, 76, 'B3', 'available'),
(2260, 76, 'B4', 'available'),
(2261, 76, 'B5', 'available'),
(2262, 76, 'B6', 'available'),
(2263, 76, 'C1', 'available'),
(2264, 76, 'C2', 'available'),
(2265, 76, 'C3', 'available'),
(2266, 76, 'C4', 'available'),
(2267, 76, 'C5', 'available'),
(2268, 76, 'C6', 'available'),
(2269, 76, 'D1', 'available'),
(2270, 76, 'D2', 'available'),
(2271, 76, 'D3', 'available'),
(2272, 76, 'D4', 'available'),
(2273, 76, 'D5', 'available'),
(2274, 76, 'D6', 'available'),
(2275, 76, 'E1', 'available'),
(2276, 76, 'E2', 'available'),
(2277, 76, 'E3', 'available'),
(2278, 76, 'E4', 'available'),
(2279, 76, 'E5', 'available'),
(2280, 76, 'E6', 'available'),
(2281, 77, 'A1', 'available'),
(2282, 77, 'A2', 'available'),
(2283, 77, 'A3', 'taken'),
(2284, 77, 'A4', 'available'),
(2285, 77, 'A5', 'available'),
(2286, 77, 'A6', 'available'),
(2287, 77, 'B1', 'available'),
(2288, 77, 'B2', 'available'),
(2289, 77, 'B3', 'available'),
(2290, 77, 'B4', 'available'),
(2291, 77, 'B5', 'available'),
(2292, 77, 'B6', 'available'),
(2293, 77, 'C1', 'available'),
(2294, 77, 'C2', 'available'),
(2295, 77, 'C3', 'available'),
(2296, 77, 'C4', 'available'),
(2297, 77, 'C5', 'available'),
(2298, 77, 'C6', 'available'),
(2299, 77, 'D1', 'available'),
(2300, 77, 'D2', 'available'),
(2301, 77, 'D3', 'available'),
(2302, 77, 'D4', 'available'),
(2303, 77, 'D5', 'available'),
(2304, 77, 'D6', 'available'),
(2305, 77, 'E1', 'available'),
(2306, 77, 'E2', 'available'),
(2307, 77, 'E3', 'available'),
(2308, 77, 'E4', 'available'),
(2309, 77, 'E5', 'available'),
(2310, 77, 'E6', 'available'),
(2311, 78, 'A1', 'available'),
(2312, 78, 'A2', 'available'),
(2313, 78, 'A3', 'available'),
(2314, 78, 'A4', 'available'),
(2315, 78, 'A5', 'available'),
(2316, 78, 'A6', 'taken'),
(2317, 78, 'B1', 'available'),
(2318, 78, 'B2', 'available'),
(2319, 78, 'B3', 'available'),
(2320, 78, 'B4', 'available'),
(2321, 78, 'B5', 'available'),
(2322, 78, 'B6', 'available'),
(2323, 78, 'C1', 'available'),
(2324, 78, 'C2', 'available'),
(2325, 78, 'C3', 'available'),
(2326, 78, 'C4', 'available'),
(2327, 78, 'C5', 'available'),
(2328, 78, 'C6', 'available'),
(2329, 78, 'D1', 'available'),
(2330, 78, 'D2', 'available'),
(2331, 78, 'D3', 'available'),
(2332, 78, 'D4', 'available'),
(2333, 78, 'D5', 'available'),
(2334, 78, 'D6', 'available'),
(2335, 78, 'E1', 'available'),
(2336, 78, 'E2', 'available'),
(2337, 78, 'E3', 'available'),
(2338, 78, 'E4', 'available'),
(2339, 78, 'E5', 'available'),
(2340, 78, 'E6', 'available'),
(2341, 79, 'A1', 'available'),
(2342, 79, 'A2', 'available'),
(2343, 79, 'A3', 'available'),
(2344, 79, 'A4', 'available'),
(2345, 79, 'A5', 'available'),
(2346, 79, 'A6', 'available'),
(2347, 79, 'B1', 'available'),
(2348, 79, 'B2', 'available'),
(2349, 79, 'B3', 'available'),
(2350, 79, 'B4', 'available'),
(2351, 79, 'B5', 'available'),
(2352, 79, 'B6', 'available'),
(2353, 79, 'C1', 'available'),
(2354, 79, 'C2', 'available'),
(2355, 79, 'C3', 'available'),
(2356, 79, 'C4', 'available'),
(2357, 79, 'C5', 'available'),
(2358, 79, 'C6', 'available'),
(2359, 79, 'D1', 'available'),
(2360, 79, 'D2', 'available'),
(2361, 79, 'D3', 'available'),
(2362, 79, 'D4', 'available'),
(2363, 79, 'D5', 'available'),
(2364, 79, 'D6', 'available'),
(2365, 79, 'E1', 'available'),
(2366, 79, 'E2', 'available'),
(2367, 79, 'E3', 'available'),
(2368, 79, 'E4', 'available'),
(2369, 79, 'E5', 'available'),
(2370, 79, 'E6', 'available'),
(2371, 80, 'A1', 'available'),
(2372, 80, 'A2', 'available'),
(2373, 80, 'A3', 'available'),
(2374, 80, 'A4', 'available'),
(2375, 80, 'A5', 'available'),
(2376, 80, 'A6', 'available'),
(2377, 80, 'B1', 'available'),
(2378, 80, 'B2', 'available'),
(2379, 80, 'B3', 'available'),
(2380, 80, 'B4', 'available'),
(2381, 80, 'B5', 'available'),
(2382, 80, 'B6', 'available'),
(2383, 80, 'C1', 'available'),
(2384, 80, 'C2', 'available'),
(2385, 80, 'C3', 'available'),
(2386, 80, 'C4', 'available'),
(2387, 80, 'C5', 'available'),
(2388, 80, 'C6', 'available'),
(2389, 80, 'D1', 'available'),
(2390, 80, 'D2', 'available'),
(2391, 80, 'D3', 'available'),
(2392, 80, 'D4', 'available'),
(2393, 80, 'D5', 'available'),
(2394, 80, 'D6', 'available'),
(2395, 80, 'E1', 'available'),
(2396, 80, 'E2', 'available'),
(2397, 80, 'E3', 'available'),
(2398, 80, 'E4', 'available'),
(2399, 80, 'E5', 'available'),
(2400, 80, 'E6', 'available'),
(2401, 81, 'A1', 'available'),
(2402, 81, 'A2', 'available'),
(2403, 81, 'A3', 'available'),
(2404, 81, 'A4', 'available'),
(2405, 81, 'A5', 'available'),
(2406, 81, 'A6', 'available'),
(2407, 81, 'B1', 'available'),
(2408, 81, 'B2', 'available'),
(2409, 81, 'B3', 'available'),
(2410, 81, 'B4', 'available'),
(2411, 81, 'B5', 'available'),
(2412, 81, 'B6', 'available'),
(2413, 81, 'C1', 'available'),
(2414, 81, 'C2', 'available'),
(2415, 81, 'C3', 'available'),
(2416, 81, 'C4', 'available'),
(2417, 81, 'C5', 'available'),
(2418, 81, 'C6', 'available'),
(2419, 81, 'D1', 'available'),
(2420, 81, 'D2', 'available'),
(2421, 81, 'D3', 'available'),
(2422, 81, 'D4', 'available'),
(2423, 81, 'D5', 'available'),
(2424, 81, 'D6', 'available'),
(2425, 81, 'E1', 'available'),
(2426, 81, 'E2', 'available'),
(2427, 81, 'E3', 'available'),
(2428, 81, 'E4', 'available'),
(2429, 81, 'E5', 'available'),
(2430, 81, 'E6', 'available'),
(2431, 82, 'A1', 'available'),
(2432, 82, 'A2', 'available'),
(2433, 82, 'A3', 'available'),
(2434, 82, 'A4', 'available'),
(2435, 82, 'A5', 'available'),
(2436, 82, 'A6', 'available'),
(2437, 82, 'B1', 'available'),
(2438, 82, 'B2', 'available'),
(2439, 82, 'B3', 'available'),
(2440, 82, 'B4', 'available'),
(2441, 82, 'B5', 'available'),
(2442, 82, 'B6', 'available'),
(2443, 82, 'C1', 'available'),
(2444, 82, 'C2', 'available'),
(2445, 82, 'C3', 'available'),
(2446, 82, 'C4', 'available'),
(2447, 82, 'C5', 'available'),
(2448, 82, 'C6', 'available'),
(2449, 82, 'D1', 'available'),
(2450, 82, 'D2', 'available'),
(2451, 82, 'D3', 'available'),
(2452, 82, 'D4', 'available'),
(2453, 82, 'D5', 'available'),
(2454, 82, 'D6', 'available'),
(2455, 82, 'E1', 'available'),
(2456, 82, 'E2', 'available'),
(2457, 82, 'E3', 'available'),
(2458, 82, 'E4', 'available'),
(2459, 82, 'E5', 'available'),
(2460, 82, 'E6', 'available'),
(2461, 83, 'A1', 'available'),
(2462, 83, 'A2', 'available'),
(2463, 83, 'A3', 'available'),
(2464, 83, 'A4', 'available'),
(2465, 83, 'A5', 'available'),
(2466, 83, 'A6', 'available'),
(2467, 83, 'B1', 'available'),
(2468, 83, 'B2', 'available'),
(2469, 83, 'B3', 'available'),
(2470, 83, 'B4', 'available'),
(2471, 83, 'B5', 'available'),
(2472, 83, 'B6', 'available'),
(2473, 83, 'C1', 'available'),
(2474, 83, 'C2', 'available'),
(2475, 83, 'C3', 'available'),
(2476, 83, 'C4', 'available'),
(2477, 83, 'C5', 'available'),
(2478, 83, 'C6', 'available'),
(2479, 83, 'D1', 'available'),
(2480, 83, 'D2', 'available'),
(2481, 83, 'D3', 'available'),
(2482, 83, 'D4', 'available'),
(2483, 83, 'D5', 'available'),
(2484, 83, 'D6', 'available'),
(2485, 83, 'E1', 'available'),
(2486, 83, 'E2', 'available'),
(2487, 83, 'E3', 'available'),
(2488, 83, 'E4', 'available'),
(2489, 83, 'E5', 'available'),
(2490, 83, 'E6', 'available'),
(2491, 84, 'A1', 'available'),
(2492, 84, 'A2', 'available'),
(2493, 84, 'A3', 'available'),
(2494, 84, 'A4', 'available'),
(2495, 84, 'A5', 'available'),
(2496, 84, 'A6', 'available'),
(2497, 84, 'B1', 'available'),
(2498, 84, 'B2', 'available'),
(2499, 84, 'B3', 'available'),
(2500, 84, 'B4', 'available'),
(2501, 84, 'B5', 'available'),
(2502, 84, 'B6', 'available'),
(2503, 84, 'C1', 'available'),
(2504, 84, 'C2', 'available'),
(2505, 84, 'C3', 'available'),
(2506, 84, 'C4', 'available'),
(2507, 84, 'C5', 'available'),
(2508, 84, 'C6', 'available'),
(2509, 84, 'D1', 'available'),
(2510, 84, 'D2', 'available'),
(2511, 84, 'D3', 'available'),
(2512, 84, 'D4', 'available'),
(2513, 84, 'D5', 'available'),
(2514, 84, 'D6', 'available'),
(2515, 84, 'E1', 'available'),
(2516, 84, 'E2', 'available'),
(2517, 84, 'E3', 'available'),
(2518, 84, 'E4', 'available'),
(2519, 84, 'E5', 'available'),
(2520, 84, 'E6', 'available'),
(2521, 85, 'A1', 'available'),
(2522, 85, 'A2', 'available'),
(2523, 85, 'A3', 'available'),
(2524, 85, 'A4', 'available'),
(2525, 85, 'A5', 'available'),
(2526, 85, 'A6', 'available'),
(2527, 85, 'B1', 'available'),
(2528, 85, 'B2', 'available'),
(2529, 85, 'B3', 'available'),
(2530, 85, 'B4', 'available'),
(2531, 85, 'B5', 'available'),
(2532, 85, 'B6', 'available'),
(2533, 85, 'C1', 'available'),
(2534, 85, 'C2', 'available'),
(2535, 85, 'C3', 'available'),
(2536, 85, 'C4', 'available'),
(2537, 85, 'C5', 'available'),
(2538, 85, 'C6', 'available'),
(2539, 85, 'D1', 'available'),
(2540, 85, 'D2', 'available'),
(2541, 85, 'D3', 'available'),
(2542, 85, 'D4', 'available'),
(2543, 85, 'D5', 'available'),
(2544, 85, 'D6', 'available'),
(2545, 85, 'E1', 'available'),
(2546, 85, 'E2', 'available'),
(2547, 85, 'E3', 'available'),
(2548, 85, 'E4', 'available'),
(2549, 85, 'E5', 'available'),
(2550, 85, 'E6', 'available'),
(2551, 86, 'A1', 'available'),
(2552, 86, 'A2', 'available'),
(2553, 86, 'A3', 'available'),
(2554, 86, 'A4', 'available'),
(2555, 86, 'A5', 'available'),
(2556, 86, 'A6', 'available'),
(2557, 86, 'B1', 'available'),
(2558, 86, 'B2', 'available'),
(2559, 86, 'B3', 'available'),
(2560, 86, 'B4', 'available'),
(2561, 86, 'B5', 'available'),
(2562, 86, 'B6', 'available'),
(2563, 86, 'C1', 'available'),
(2564, 86, 'C2', 'available'),
(2565, 86, 'C3', 'available'),
(2566, 86, 'C4', 'available'),
(2567, 86, 'C5', 'available'),
(2568, 86, 'C6', 'available'),
(2569, 86, 'D1', 'available'),
(2570, 86, 'D2', 'available'),
(2571, 86, 'D3', 'available'),
(2572, 86, 'D4', 'available'),
(2573, 86, 'D5', 'available'),
(2574, 86, 'D6', 'available'),
(2575, 86, 'E1', 'available'),
(2576, 86, 'E2', 'available'),
(2577, 86, 'E3', 'available'),
(2578, 86, 'E4', 'available'),
(2579, 86, 'E5', 'available'),
(2580, 86, 'E6', 'available'),
(2581, 87, 'A1', 'available'),
(2582, 87, 'A2', 'available'),
(2583, 87, 'A3', 'available'),
(2584, 87, 'A4', 'available'),
(2585, 87, 'A5', 'available'),
(2586, 87, 'A6', 'available'),
(2587, 87, 'B1', 'available'),
(2588, 87, 'B2', 'available'),
(2589, 87, 'B3', 'available'),
(2590, 87, 'B4', 'available'),
(2591, 87, 'B5', 'available'),
(2592, 87, 'B6', 'available'),
(2593, 87, 'C1', 'available'),
(2594, 87, 'C2', 'available'),
(2595, 87, 'C3', 'available'),
(2596, 87, 'C4', 'available'),
(2597, 87, 'C5', 'available'),
(2598, 87, 'C6', 'available'),
(2599, 87, 'D1', 'available'),
(2600, 87, 'D2', 'available'),
(2601, 87, 'D3', 'available'),
(2602, 87, 'D4', 'available'),
(2603, 87, 'D5', 'available'),
(2604, 87, 'D6', 'available'),
(2605, 87, 'E1', 'available'),
(2606, 87, 'E2', 'available'),
(2607, 87, 'E3', 'available'),
(2608, 87, 'E4', 'available'),
(2609, 87, 'E5', 'available'),
(2610, 87, 'E6', 'available'),
(2611, 88, 'A1', 'available'),
(2612, 88, 'A2', 'available'),
(2613, 88, 'A3', 'available'),
(2614, 88, 'A4', 'available'),
(2615, 88, 'A5', 'available'),
(2616, 88, 'A6', 'available'),
(2617, 88, 'B1', 'available'),
(2618, 88, 'B2', 'available'),
(2619, 88, 'B3', 'available'),
(2620, 88, 'B4', 'available'),
(2621, 88, 'B5', 'available'),
(2622, 88, 'B6', 'available'),
(2623, 88, 'C1', 'available'),
(2624, 88, 'C2', 'available'),
(2625, 88, 'C3', 'available'),
(2626, 88, 'C4', 'available'),
(2627, 88, 'C5', 'available'),
(2628, 88, 'C6', 'available'),
(2629, 88, 'D1', 'available'),
(2630, 88, 'D2', 'available'),
(2631, 88, 'D3', 'available'),
(2632, 88, 'D4', 'available'),
(2633, 88, 'D5', 'available'),
(2634, 88, 'D6', 'available'),
(2635, 88, 'E1', 'available'),
(2636, 88, 'E2', 'available'),
(2637, 88, 'E3', 'available'),
(2638, 88, 'E4', 'available'),
(2639, 88, 'E5', 'available'),
(2640, 88, 'E6', 'available'),
(2641, 89, 'A1', 'available'),
(2642, 89, 'A2', 'available'),
(2643, 89, 'A3', 'available'),
(2644, 89, 'A4', 'available'),
(2645, 89, 'A5', 'available'),
(2646, 89, 'A6', 'available'),
(2647, 89, 'B1', 'available'),
(2648, 89, 'B2', 'available'),
(2649, 89, 'B3', 'available'),
(2650, 89, 'B4', 'available'),
(2651, 89, 'B5', 'available'),
(2652, 89, 'B6', 'available'),
(2653, 89, 'C1', 'available'),
(2654, 89, 'C2', 'available'),
(2655, 89, 'C3', 'available'),
(2656, 89, 'C4', 'available'),
(2657, 89, 'C5', 'available'),
(2658, 89, 'C6', 'available'),
(2659, 89, 'D1', 'available'),
(2660, 89, 'D2', 'available'),
(2661, 89, 'D3', 'available'),
(2662, 89, 'D4', 'available'),
(2663, 89, 'D5', 'available'),
(2664, 89, 'D6', 'available'),
(2665, 89, 'E1', 'available'),
(2666, 89, 'E2', 'available'),
(2667, 89, 'E3', 'available'),
(2668, 89, 'E4', 'available'),
(2669, 89, 'E5', 'available'),
(2670, 89, 'E6', 'available'),
(2671, 90, 'A1', 'available'),
(2672, 90, 'A2', 'available'),
(2673, 90, 'A3', 'available'),
(2674, 90, 'A4', 'available'),
(2675, 90, 'A5', 'available'),
(2676, 90, 'A6', 'available'),
(2677, 90, 'B1', 'available'),
(2678, 90, 'B2', 'available'),
(2679, 90, 'B3', 'available'),
(2680, 90, 'B4', 'available'),
(2681, 90, 'B5', 'available'),
(2682, 90, 'B6', 'available'),
(2683, 90, 'C1', 'available'),
(2684, 90, 'C2', 'available'),
(2685, 90, 'C3', 'available'),
(2686, 90, 'C4', 'available'),
(2687, 90, 'C5', 'available'),
(2688, 90, 'C6', 'available'),
(2689, 90, 'D1', 'available'),
(2690, 90, 'D2', 'available'),
(2691, 90, 'D3', 'available'),
(2692, 90, 'D4', 'available'),
(2693, 90, 'D5', 'available'),
(2694, 90, 'D6', 'available'),
(2695, 90, 'E1', 'available'),
(2696, 90, 'E2', 'available'),
(2697, 90, 'E3', 'available'),
(2698, 90, 'E4', 'available'),
(2699, 90, 'E5', 'available'),
(2700, 90, 'E6', 'available'),
(2701, 91, 'A1', 'available'),
(2702, 91, 'A2', 'available'),
(2703, 91, 'A3', 'available'),
(2704, 91, 'A4', 'available'),
(2705, 91, 'A5', 'available'),
(2706, 91, 'A6', 'available'),
(2707, 91, 'B1', 'available'),
(2708, 91, 'B2', 'available'),
(2709, 91, 'B3', 'available'),
(2710, 91, 'B4', 'available'),
(2711, 91, 'B5', 'available'),
(2712, 91, 'B6', 'available'),
(2713, 91, 'C1', 'available'),
(2714, 91, 'C2', 'available'),
(2715, 91, 'C3', 'available'),
(2716, 91, 'C4', 'available'),
(2717, 91, 'C5', 'available'),
(2718, 91, 'C6', 'available'),
(2719, 91, 'D1', 'available'),
(2720, 91, 'D2', 'available'),
(2721, 91, 'D3', 'available'),
(2722, 91, 'D4', 'available'),
(2723, 91, 'D5', 'available'),
(2724, 91, 'D6', 'available'),
(2725, 91, 'E1', 'available'),
(2726, 91, 'E2', 'available'),
(2727, 91, 'E3', 'available'),
(2728, 91, 'E4', 'available'),
(2729, 91, 'E5', 'available'),
(2730, 91, 'E6', 'available'),
(2731, 92, 'A1', 'available'),
(2732, 92, 'A2', 'available'),
(2733, 92, 'A3', 'available'),
(2734, 92, 'A4', 'available'),
(2735, 92, 'A5', 'available'),
(2736, 92, 'A6', 'available'),
(2737, 92, 'B1', 'available'),
(2738, 92, 'B2', 'available'),
(2739, 92, 'B3', 'available'),
(2740, 92, 'B4', 'available'),
(2741, 92, 'B5', 'available'),
(2742, 92, 'B6', 'available'),
(2743, 92, 'C1', 'available'),
(2744, 92, 'C2', 'available'),
(2745, 92, 'C3', 'available'),
(2746, 92, 'C4', 'available'),
(2747, 92, 'C5', 'available'),
(2748, 92, 'C6', 'available'),
(2749, 92, 'D1', 'available'),
(2750, 92, 'D2', 'available'),
(2751, 92, 'D3', 'available'),
(2752, 92, 'D4', 'available'),
(2753, 92, 'D5', 'available'),
(2754, 92, 'D6', 'available'),
(2755, 92, 'E1', 'available'),
(2756, 92, 'E2', 'available'),
(2757, 92, 'E3', 'available'),
(2758, 92, 'E4', 'available'),
(2759, 92, 'E5', 'available'),
(2760, 92, 'E6', 'available'),
(2761, 93, 'A1', 'available'),
(2762, 93, 'A2', 'available'),
(2763, 93, 'A3', 'available'),
(2764, 93, 'A4', 'available'),
(2765, 93, 'A5', 'available'),
(2766, 93, 'A6', 'available'),
(2767, 93, 'B1', 'available'),
(2768, 93, 'B2', 'available'),
(2769, 93, 'B3', 'available'),
(2770, 93, 'B4', 'available'),
(2771, 93, 'B5', 'available'),
(2772, 93, 'B6', 'available'),
(2773, 93, 'C1', 'available'),
(2774, 93, 'C2', 'available'),
(2775, 93, 'C3', 'available'),
(2776, 93, 'C4', 'available'),
(2777, 93, 'C5', 'available'),
(2778, 93, 'C6', 'available'),
(2779, 93, 'D1', 'available'),
(2780, 93, 'D2', 'available'),
(2781, 93, 'D3', 'available'),
(2782, 93, 'D4', 'available'),
(2783, 93, 'D5', 'available'),
(2784, 93, 'D6', 'available'),
(2785, 93, 'E1', 'available'),
(2786, 93, 'E2', 'available'),
(2787, 93, 'E3', 'available'),
(2788, 93, 'E4', 'available'),
(2789, 93, 'E5', 'available'),
(2790, 93, 'E6', 'available'),
(2791, 94, 'A1', 'available'),
(2792, 94, 'A2', 'available'),
(2793, 94, 'A3', 'available'),
(2794, 94, 'A4', 'available'),
(2795, 94, 'A5', 'available'),
(2796, 94, 'A6', 'available'),
(2797, 94, 'B1', 'available'),
(2798, 94, 'B2', 'available'),
(2799, 94, 'B3', 'available'),
(2800, 94, 'B4', 'available'),
(2801, 94, 'B5', 'available'),
(2802, 94, 'B6', 'available'),
(2803, 94, 'C1', 'available'),
(2804, 94, 'C2', 'available'),
(2805, 94, 'C3', 'available'),
(2806, 94, 'C4', 'available'),
(2807, 94, 'C5', 'available'),
(2808, 94, 'C6', 'available'),
(2809, 94, 'D1', 'available'),
(2810, 94, 'D2', 'available'),
(2811, 94, 'D3', 'available'),
(2812, 94, 'D4', 'available'),
(2813, 94, 'D5', 'available'),
(2814, 94, 'D6', 'available'),
(2815, 94, 'E1', 'available'),
(2816, 94, 'E2', 'available'),
(2817, 94, 'E3', 'available'),
(2818, 94, 'E4', 'available'),
(2819, 94, 'E5', 'available'),
(2820, 94, 'E6', 'available'),
(2821, 95, 'A1', 'available'),
(2822, 95, 'A2', 'available'),
(2823, 95, 'A3', 'available'),
(2824, 95, 'A4', 'available'),
(2825, 95, 'A5', 'available'),
(2826, 95, 'A6', 'available'),
(2827, 95, 'B1', 'available'),
(2828, 95, 'B2', 'available'),
(2829, 95, 'B3', 'available'),
(2830, 95, 'B4', 'available'),
(2831, 95, 'B5', 'available'),
(2832, 95, 'B6', 'available'),
(2833, 95, 'C1', 'available'),
(2834, 95, 'C2', 'available'),
(2835, 95, 'C3', 'available'),
(2836, 95, 'C4', 'available'),
(2837, 95, 'C5', 'available'),
(2838, 95, 'C6', 'available'),
(2839, 95, 'D1', 'available'),
(2840, 95, 'D2', 'available'),
(2841, 95, 'D3', 'available'),
(2842, 95, 'D4', 'available'),
(2843, 95, 'D5', 'available'),
(2844, 95, 'D6', 'available'),
(2845, 95, 'E1', 'available'),
(2846, 95, 'E2', 'available'),
(2847, 95, 'E3', 'available'),
(2848, 95, 'E4', 'available'),
(2849, 95, 'E5', 'available'),
(2850, 95, 'E6', 'available'),
(2851, 96, 'A1', 'available'),
(2852, 96, 'A2', 'available'),
(2853, 96, 'A3', 'available'),
(2854, 96, 'A4', 'available'),
(2855, 96, 'A5', 'available'),
(2856, 96, 'A6', 'available'),
(2857, 96, 'B1', 'available'),
(2858, 96, 'B2', 'available'),
(2859, 96, 'B3', 'available'),
(2860, 96, 'B4', 'available'),
(2861, 96, 'B5', 'available'),
(2862, 96, 'B6', 'available'),
(2863, 96, 'C1', 'available'),
(2864, 96, 'C2', 'available'),
(2865, 96, 'C3', 'available'),
(2866, 96, 'C4', 'available'),
(2867, 96, 'C5', 'available'),
(2868, 96, 'C6', 'available'),
(2869, 96, 'D1', 'available'),
(2870, 96, 'D2', 'available'),
(2871, 96, 'D3', 'available'),
(2872, 96, 'D4', 'available'),
(2873, 96, 'D5', 'available'),
(2874, 96, 'D6', 'available'),
(2875, 96, 'E1', 'available'),
(2876, 96, 'E2', 'available'),
(2877, 96, 'E3', 'available'),
(2878, 96, 'E4', 'available'),
(2879, 96, 'E5', 'available'),
(2880, 96, 'E6', 'available'),
(2881, 97, 'A1', 'available'),
(2882, 97, 'A2', 'available'),
(2883, 97, 'A3', 'available'),
(2884, 97, 'A4', 'available'),
(2885, 97, 'A5', 'available'),
(2886, 97, 'A6', 'available'),
(2887, 97, 'B1', 'available'),
(2888, 97, 'B2', 'available'),
(2889, 97, 'B3', 'available'),
(2890, 97, 'B4', 'available'),
(2891, 97, 'B5', 'available'),
(2892, 97, 'B6', 'available'),
(2893, 97, 'C1', 'available'),
(2894, 97, 'C2', 'available'),
(2895, 97, 'C3', 'available'),
(2896, 97, 'C4', 'available'),
(2897, 97, 'C5', 'available'),
(2898, 97, 'C6', 'available'),
(2899, 97, 'D1', 'available'),
(2900, 97, 'D2', 'available'),
(2901, 97, 'D3', 'available'),
(2902, 97, 'D4', 'available'),
(2903, 97, 'D5', 'available'),
(2904, 97, 'D6', 'available'),
(2905, 97, 'E1', 'available'),
(2906, 97, 'E2', 'available'),
(2907, 97, 'E3', 'available'),
(2908, 97, 'E4', 'available'),
(2909, 97, 'E5', 'available'),
(2910, 97, 'E6', 'available'),
(2911, 98, 'A1', 'available'),
(2912, 98, 'A2', 'available'),
(2913, 98, 'A3', 'available'),
(2914, 98, 'A4', 'available'),
(2915, 98, 'A5', 'available'),
(2916, 98, 'A6', 'available'),
(2917, 98, 'B1', 'available'),
(2918, 98, 'B2', 'available'),
(2919, 98, 'B3', 'available'),
(2920, 98, 'B4', 'available'),
(2921, 98, 'B5', 'available'),
(2922, 98, 'B6', 'available'),
(2923, 98, 'C1', 'available'),
(2924, 98, 'C2', 'available'),
(2925, 98, 'C3', 'available'),
(2926, 98, 'C4', 'available'),
(2927, 98, 'C5', 'available'),
(2928, 98, 'C6', 'available'),
(2929, 98, 'D1', 'available'),
(2930, 98, 'D2', 'available'),
(2931, 98, 'D3', 'available'),
(2932, 98, 'D4', 'available'),
(2933, 98, 'D5', 'available'),
(2934, 98, 'D6', 'available'),
(2935, 98, 'E1', 'available'),
(2936, 98, 'E2', 'available'),
(2937, 98, 'E3', 'available'),
(2938, 98, 'E4', 'available'),
(2939, 98, 'E5', 'available'),
(2940, 98, 'E6', 'available'),
(2941, 99, 'A1', 'available'),
(2942, 99, 'A2', 'available'),
(2943, 99, 'A3', 'available'),
(2944, 99, 'A4', 'available'),
(2945, 99, 'A5', 'available'),
(2946, 99, 'A6', 'available'),
(2947, 99, 'B1', 'available'),
(2948, 99, 'B2', 'available'),
(2949, 99, 'B3', 'available'),
(2950, 99, 'B4', 'available'),
(2951, 99, 'B5', 'available'),
(2952, 99, 'B6', 'available'),
(2953, 99, 'C1', 'available'),
(2954, 99, 'C2', 'available'),
(2955, 99, 'C3', 'available'),
(2956, 99, 'C4', 'available'),
(2957, 99, 'C5', 'available'),
(2958, 99, 'C6', 'available'),
(2959, 99, 'D1', 'available'),
(2960, 99, 'D2', 'available'),
(2961, 99, 'D3', 'available'),
(2962, 99, 'D4', 'available'),
(2963, 99, 'D5', 'available'),
(2964, 99, 'D6', 'available'),
(2965, 99, 'E1', 'available'),
(2966, 99, 'E2', 'available'),
(2967, 99, 'E3', 'available'),
(2968, 99, 'E4', 'available'),
(2969, 99, 'E5', 'available'),
(2970, 99, 'E6', 'available'),
(2971, 100, 'A1', 'available'),
(2972, 100, 'A2', 'available'),
(2973, 100, 'A3', 'available'),
(2974, 100, 'A4', 'available'),
(2975, 100, 'A5', 'available'),
(2976, 100, 'A6', 'available'),
(2977, 100, 'B1', 'available'),
(2978, 100, 'B2', 'available'),
(2979, 100, 'B3', 'available'),
(2980, 100, 'B4', 'available'),
(2981, 100, 'B5', 'available'),
(2982, 100, 'B6', 'available'),
(2983, 100, 'C1', 'available'),
(2984, 100, 'C2', 'available'),
(2985, 100, 'C3', 'available'),
(2986, 100, 'C4', 'available'),
(2987, 100, 'C5', 'available'),
(2988, 100, 'C6', 'available'),
(2989, 100, 'D1', 'available'),
(2990, 100, 'D2', 'available'),
(2991, 100, 'D3', 'available'),
(2992, 100, 'D4', 'available'),
(2993, 100, 'D5', 'available'),
(2994, 100, 'D6', 'available'),
(2995, 100, 'E1', 'available'),
(2996, 100, 'E2', 'available'),
(2997, 100, 'E3', 'available'),
(2998, 100, 'E4', 'available'),
(2999, 100, 'E5', 'available'),
(3000, 100, 'E6', 'available'),
(3001, 101, 'A1', 'available'),
(3002, 101, 'A2', 'available'),
(3003, 101, 'A3', 'available'),
(3004, 101, 'A4', 'available'),
(3005, 101, 'A5', 'available'),
(3006, 101, 'A6', 'available'),
(3007, 101, 'B1', 'available'),
(3008, 101, 'B2', 'available'),
(3009, 101, 'B3', 'available'),
(3010, 101, 'B4', 'available'),
(3011, 101, 'B5', 'available'),
(3012, 101, 'B6', 'available'),
(3013, 101, 'C1', 'available'),
(3014, 101, 'C2', 'available'),
(3015, 101, 'C3', 'available'),
(3016, 101, 'C4', 'available'),
(3017, 101, 'C5', 'available'),
(3018, 101, 'C6', 'available'),
(3019, 101, 'D1', 'available'),
(3020, 101, 'D2', 'available'),
(3021, 101, 'D3', 'available'),
(3022, 101, 'D4', 'available'),
(3023, 101, 'D5', 'available'),
(3024, 101, 'D6', 'available'),
(3025, 101, 'E1', 'available'),
(3026, 101, 'E2', 'available'),
(3027, 101, 'E3', 'available'),
(3028, 101, 'E4', 'available'),
(3029, 101, 'E5', 'available'),
(3030, 101, 'E6', 'available'),
(3031, 102, 'A1', 'available'),
(3032, 102, 'A2', 'available'),
(3033, 102, 'A3', 'available'),
(3034, 102, 'A4', 'available'),
(3035, 102, 'A5', 'available'),
(3036, 102, 'A6', 'available'),
(3037, 102, 'B1', 'available'),
(3038, 102, 'B2', 'available'),
(3039, 102, 'B3', 'available'),
(3040, 102, 'B4', 'available'),
(3041, 102, 'B5', 'available'),
(3042, 102, 'B6', 'available'),
(3043, 102, 'C1', 'available'),
(3044, 102, 'C2', 'available'),
(3045, 102, 'C3', 'available'),
(3046, 102, 'C4', 'available'),
(3047, 102, 'C5', 'available'),
(3048, 102, 'C6', 'available'),
(3049, 102, 'D1', 'available'),
(3050, 102, 'D2', 'available'),
(3051, 102, 'D3', 'available'),
(3052, 102, 'D4', 'available'),
(3053, 102, 'D5', 'available'),
(3054, 102, 'D6', 'available'),
(3055, 102, 'E1', 'available'),
(3056, 102, 'E2', 'available'),
(3057, 102, 'E3', 'available'),
(3058, 102, 'E4', 'available'),
(3059, 102, 'E5', 'available'),
(3060, 102, 'E6', 'available'),
(3061, 103, 'A1', 'available'),
(3062, 103, 'A2', 'available'),
(3063, 103, 'A3', 'available'),
(3064, 103, 'A4', 'available'),
(3065, 103, 'A5', 'available'),
(3066, 103, 'A6', 'available'),
(3067, 103, 'B1', 'available'),
(3068, 103, 'B2', 'available'),
(3069, 103, 'B3', 'available'),
(3070, 103, 'B4', 'available'),
(3071, 103, 'B5', 'available'),
(3072, 103, 'B6', 'available'),
(3073, 103, 'C1', 'available'),
(3074, 103, 'C2', 'available'),
(3075, 103, 'C3', 'available'),
(3076, 103, 'C4', 'available'),
(3077, 103, 'C5', 'available'),
(3078, 103, 'C6', 'available'),
(3079, 103, 'D1', 'available'),
(3080, 103, 'D2', 'available'),
(3081, 103, 'D3', 'available'),
(3082, 103, 'D4', 'available'),
(3083, 103, 'D5', 'available'),
(3084, 103, 'D6', 'available'),
(3085, 103, 'E1', 'available'),
(3086, 103, 'E2', 'available'),
(3087, 103, 'E3', 'available'),
(3088, 103, 'E4', 'available'),
(3089, 103, 'E5', 'available'),
(3090, 103, 'E6', 'available'),
(3091, 104, 'A1', 'available'),
(3092, 104, 'A2', 'available'),
(3093, 104, 'A3', 'available'),
(3094, 104, 'A4', 'available'),
(3095, 104, 'A5', 'available'),
(3096, 104, 'A6', 'available'),
(3097, 104, 'B1', 'available'),
(3098, 104, 'B2', 'available'),
(3099, 104, 'B3', 'available'),
(3100, 104, 'B4', 'available'),
(3101, 104, 'B5', 'available'),
(3102, 104, 'B6', 'available'),
(3103, 104, 'C1', 'available'),
(3104, 104, 'C2', 'available'),
(3105, 104, 'C3', 'available'),
(3106, 104, 'C4', 'available'),
(3107, 104, 'C5', 'available'),
(3108, 104, 'C6', 'available'),
(3109, 104, 'D1', 'available'),
(3110, 104, 'D2', 'available'),
(3111, 104, 'D3', 'available'),
(3112, 104, 'D4', 'available'),
(3113, 104, 'D5', 'available'),
(3114, 104, 'D6', 'available'),
(3115, 104, 'E1', 'available'),
(3116, 104, 'E2', 'available'),
(3117, 104, 'E3', 'available'),
(3118, 104, 'E4', 'taken'),
(3119, 104, 'E5', 'available'),
(3120, 104, 'E6', 'available'),
(3121, 105, 'A1', 'available'),
(3122, 105, 'A2', 'available'),
(3123, 105, 'A3', 'available'),
(3124, 105, 'A4', 'available'),
(3125, 105, 'A5', 'available'),
(3126, 105, 'A6', 'available'),
(3127, 105, 'B1', 'available'),
(3128, 105, 'B2', 'available'),
(3129, 105, 'B3', 'available'),
(3130, 105, 'B4', 'available'),
(3131, 105, 'B5', 'available'),
(3132, 105, 'B6', 'available'),
(3133, 105, 'C1', 'available'),
(3134, 105, 'C2', 'available'),
(3135, 105, 'C3', 'available'),
(3136, 105, 'C4', 'available'),
(3137, 105, 'C5', 'available'),
(3138, 105, 'C6', 'available'),
(3139, 105, 'D1', 'available'),
(3140, 105, 'D2', 'available'),
(3141, 105, 'D3', 'available'),
(3142, 105, 'D4', 'available'),
(3143, 105, 'D5', 'available'),
(3144, 105, 'D6', 'available'),
(3145, 105, 'E1', 'available'),
(3146, 105, 'E2', 'available'),
(3147, 105, 'E3', 'available'),
(3148, 105, 'E4', 'available'),
(3149, 105, 'E5', 'available'),
(3150, 105, 'E6', 'available'),
(3151, 106, 'A1', 'available'),
(3152, 106, 'A2', 'available'),
(3153, 106, 'A3', 'available'),
(3154, 106, 'A4', 'available'),
(3155, 106, 'A5', 'available'),
(3156, 106, 'A6', 'available'),
(3157, 106, 'B1', 'available'),
(3158, 106, 'B2', 'available'),
(3159, 106, 'B3', 'available'),
(3160, 106, 'B4', 'available'),
(3161, 106, 'B5', 'available'),
(3162, 106, 'B6', 'available'),
(3163, 106, 'C1', 'available'),
(3164, 106, 'C2', 'available'),
(3165, 106, 'C3', 'available'),
(3166, 106, 'C4', 'available'),
(3167, 106, 'C5', 'available'),
(3168, 106, 'C6', 'available'),
(3169, 106, 'D1', 'available'),
(3170, 106, 'D2', 'available'),
(3171, 106, 'D3', 'available'),
(3172, 106, 'D4', 'available'),
(3173, 106, 'D5', 'available'),
(3174, 106, 'D6', 'available'),
(3175, 106, 'E1', 'available'),
(3176, 106, 'E2', 'available'),
(3177, 106, 'E3', 'available'),
(3178, 106, 'E4', 'available'),
(3179, 106, 'E5', 'available'),
(3180, 106, 'E6', 'available'),
(3181, 107, 'A1', 'available'),
(3182, 107, 'A2', 'available'),
(3183, 107, 'A3', 'available'),
(3184, 107, 'A4', 'available'),
(3185, 107, 'A5', 'available'),
(3186, 107, 'A6', 'available'),
(3187, 107, 'B1', 'available'),
(3188, 107, 'B2', 'available'),
(3189, 107, 'B3', 'available'),
(3190, 107, 'B4', 'available'),
(3191, 107, 'B5', 'available'),
(3192, 107, 'B6', 'available'),
(3193, 107, 'C1', 'available'),
(3194, 107, 'C2', 'available'),
(3195, 107, 'C3', 'available'),
(3196, 107, 'C4', 'available'),
(3197, 107, 'C5', 'available'),
(3198, 107, 'C6', 'available'),
(3199, 107, 'D1', 'available'),
(3200, 107, 'D2', 'available'),
(3201, 107, 'D3', 'available'),
(3202, 107, 'D4', 'available'),
(3203, 107, 'D5', 'available'),
(3204, 107, 'D6', 'available'),
(3205, 107, 'E1', 'available'),
(3206, 107, 'E2', 'available'),
(3207, 107, 'E3', 'available'),
(3208, 107, 'E4', 'available'),
(3209, 107, 'E5', 'available'),
(3210, 107, 'E6', 'available'),
(3211, 108, 'A1', 'available'),
(3212, 108, 'A2', 'available'),
(3213, 108, 'A3', 'available'),
(3214, 108, 'A4', 'available'),
(3215, 108, 'A5', 'available'),
(3216, 108, 'A6', 'available'),
(3217, 108, 'B1', 'available'),
(3218, 108, 'B2', 'available'),
(3219, 108, 'B3', 'available'),
(3220, 108, 'B4', 'available'),
(3221, 108, 'B5', 'available'),
(3222, 108, 'B6', 'available'),
(3223, 108, 'C1', 'available'),
(3224, 108, 'C2', 'available'),
(3225, 108, 'C3', 'available'),
(3226, 108, 'C4', 'available'),
(3227, 108, 'C5', 'available'),
(3228, 108, 'C6', 'available'),
(3229, 108, 'D1', 'available'),
(3230, 108, 'D2', 'available'),
(3231, 108, 'D3', 'available'),
(3232, 108, 'D4', 'available'),
(3233, 108, 'D5', 'available'),
(3234, 108, 'D6', 'available'),
(3235, 108, 'E1', 'available'),
(3236, 108, 'E2', 'available'),
(3237, 108, 'E3', 'available'),
(3238, 108, 'E4', 'available'),
(3239, 108, 'E5', 'available'),
(3240, 108, 'E6', 'available'),
(3241, 109, 'A1', 'available'),
(3242, 109, 'A2', 'available'),
(3243, 109, 'A3', 'available'),
(3244, 109, 'A4', 'available'),
(3245, 109, 'A5', 'available'),
(3246, 109, 'A6', 'available'),
(3247, 109, 'B1', 'available'),
(3248, 109, 'B2', 'available'),
(3249, 109, 'B3', 'available'),
(3250, 109, 'B4', 'available'),
(3251, 109, 'B5', 'available'),
(3252, 109, 'B6', 'available'),
(3253, 109, 'C1', 'available'),
(3254, 109, 'C2', 'available'),
(3255, 109, 'C3', 'available'),
(3256, 109, 'C4', 'available'),
(3257, 109, 'C5', 'available'),
(3258, 109, 'C6', 'available'),
(3259, 109, 'D1', 'available'),
(3260, 109, 'D2', 'available'),
(3261, 109, 'D3', 'available'),
(3262, 109, 'D4', 'available'),
(3263, 109, 'D5', 'available'),
(3264, 109, 'D6', 'available'),
(3265, 109, 'E1', 'available'),
(3266, 109, 'E2', 'available'),
(3267, 109, 'E3', 'available'),
(3268, 109, 'E4', 'available'),
(3269, 109, 'E5', 'available'),
(3270, 109, 'E6', 'available'),
(3271, 110, 'A1', 'taken'),
(3272, 110, 'A2', 'available'),
(3273, 110, 'A3', 'available'),
(3274, 110, 'A4', 'available'),
(3275, 110, 'A5', 'available'),
(3276, 110, 'A6', 'available'),
(3277, 110, 'B1', 'available'),
(3278, 110, 'B2', 'available'),
(3279, 110, 'B3', 'available'),
(3280, 110, 'B4', 'available'),
(3281, 110, 'B5', 'available'),
(3282, 110, 'B6', 'available'),
(3283, 110, 'C1', 'available'),
(3284, 110, 'C2', 'available'),
(3285, 110, 'C3', 'available'),
(3286, 110, 'C4', 'available'),
(3287, 110, 'C5', 'available'),
(3288, 110, 'C6', 'available'),
(3289, 110, 'D1', 'available'),
(3290, 110, 'D2', 'available'),
(3291, 110, 'D3', 'available'),
(3292, 110, 'D4', 'available'),
(3293, 110, 'D5', 'available'),
(3294, 110, 'D6', 'available'),
(3295, 110, 'E1', 'available'),
(3296, 110, 'E2', 'available'),
(3297, 110, 'E3', 'available'),
(3298, 110, 'E4', 'available'),
(3299, 110, 'E5', 'available'),
(3300, 110, 'E6', 'available'),
(3301, 111, 'A1', 'available'),
(3302, 111, 'A2', 'available'),
(3303, 111, 'A3', 'available'),
(3304, 111, 'A4', 'available'),
(3305, 111, 'A5', 'available'),
(3306, 111, 'A6', 'available'),
(3307, 111, 'B1', 'available'),
(3308, 111, 'B2', 'available'),
(3309, 111, 'B3', 'available'),
(3310, 111, 'B4', 'available'),
(3311, 111, 'B5', 'available'),
(3312, 111, 'B6', 'available'),
(3313, 111, 'C1', 'available'),
(3314, 111, 'C2', 'available'),
(3315, 111, 'C3', 'available'),
(3316, 111, 'C4', 'available'),
(3317, 111, 'C5', 'available'),
(3318, 111, 'C6', 'available'),
(3319, 111, 'D1', 'available'),
(3320, 111, 'D2', 'available'),
(3321, 111, 'D3', 'available'),
(3322, 111, 'D4', 'available'),
(3323, 111, 'D5', 'available'),
(3324, 111, 'D6', 'available'),
(3325, 111, 'E1', 'available'),
(3326, 111, 'E2', 'available'),
(3327, 111, 'E3', 'available'),
(3328, 111, 'E4', 'available'),
(3329, 111, 'E5', 'available'),
(3330, 111, 'E6', 'available'),
(3331, 112, 'A1', 'available'),
(3332, 112, 'A2', 'available'),
(3333, 112, 'A3', 'available'),
(3334, 112, 'A4', 'available'),
(3335, 112, 'A5', 'available'),
(3336, 112, 'A6', 'available'),
(3337, 112, 'B1', 'available'),
(3338, 112, 'B2', 'available'),
(3339, 112, 'B3', 'available'),
(3340, 112, 'B4', 'available'),
(3341, 112, 'B5', 'available'),
(3342, 112, 'B6', 'available'),
(3343, 112, 'C1', 'available'),
(3344, 112, 'C2', 'available'),
(3345, 112, 'C3', 'available'),
(3346, 112, 'C4', 'available'),
(3347, 112, 'C5', 'available'),
(3348, 112, 'C6', 'available'),
(3349, 112, 'D1', 'available'),
(3350, 112, 'D2', 'available'),
(3351, 112, 'D3', 'available'),
(3352, 112, 'D4', 'available'),
(3353, 112, 'D5', 'available'),
(3354, 112, 'D6', 'available'),
(3355, 112, 'E1', 'available'),
(3356, 112, 'E2', 'available'),
(3357, 112, 'E3', 'available'),
(3358, 112, 'E4', 'available'),
(3359, 112, 'E5', 'available'),
(3360, 112, 'E6', 'available'),
(3361, 113, 'A1', 'available'),
(3362, 113, 'A2', 'available'),
(3363, 113, 'A3', 'available'),
(3364, 113, 'A4', 'available'),
(3365, 113, 'A5', 'available'),
(3366, 113, 'A6', 'available'),
(3367, 113, 'B1', 'available'),
(3368, 113, 'B2', 'available'),
(3369, 113, 'B3', 'available'),
(3370, 113, 'B4', 'available'),
(3371, 113, 'B5', 'available'),
(3372, 113, 'B6', 'available'),
(3373, 113, 'C1', 'available'),
(3374, 113, 'C2', 'available'),
(3375, 113, 'C3', 'available'),
(3376, 113, 'C4', 'available'),
(3377, 113, 'C5', 'available'),
(3378, 113, 'C6', 'available'),
(3379, 113, 'D1', 'available'),
(3380, 113, 'D2', 'available'),
(3381, 113, 'D3', 'available'),
(3382, 113, 'D4', 'available'),
(3383, 113, 'D5', 'available'),
(3384, 113, 'D6', 'available'),
(3385, 113, 'E1', 'available'),
(3386, 113, 'E2', 'available'),
(3387, 113, 'E3', 'available'),
(3388, 113, 'E4', 'available'),
(3389, 113, 'E5', 'available'),
(3390, 113, 'E6', 'available'),
(3391, 114, 'A1', 'available'),
(3392, 114, 'A2', 'available'),
(3393, 114, 'A3', 'available'),
(3394, 114, 'A4', 'available'),
(3395, 114, 'A5', 'available'),
(3396, 114, 'A6', 'available'),
(3397, 114, 'B1', 'available'),
(3398, 114, 'B2', 'available'),
(3399, 114, 'B3', 'available'),
(3400, 114, 'B4', 'available'),
(3401, 114, 'B5', 'available'),
(3402, 114, 'B6', 'available'),
(3403, 114, 'C1', 'available'),
(3404, 114, 'C2', 'available'),
(3405, 114, 'C3', 'available'),
(3406, 114, 'C4', 'available'),
(3407, 114, 'C5', 'available'),
(3408, 114, 'C6', 'available'),
(3409, 114, 'D1', 'available'),
(3410, 114, 'D2', 'available'),
(3411, 114, 'D3', 'available'),
(3412, 114, 'D4', 'available'),
(3413, 114, 'D5', 'available'),
(3414, 114, 'D6', 'available'),
(3415, 114, 'E1', 'available'),
(3416, 114, 'E2', 'available'),
(3417, 114, 'E3', 'available'),
(3418, 114, 'E4', 'available'),
(3419, 114, 'E5', 'available'),
(3420, 114, 'E6', 'available'),
(3421, 115, 'A1', 'available'),
(3422, 115, 'A2', 'available'),
(3423, 115, 'A3', 'available'),
(3424, 115, 'A4', 'available'),
(3425, 115, 'A5', 'available'),
(3426, 115, 'A6', 'available'),
(3427, 115, 'B1', 'available'),
(3428, 115, 'B2', 'available'),
(3429, 115, 'B3', 'available'),
(3430, 115, 'B4', 'available'),
(3431, 115, 'B5', 'available'),
(3432, 115, 'B6', 'available'),
(3433, 115, 'C1', 'available'),
(3434, 115, 'C2', 'available'),
(3435, 115, 'C3', 'available'),
(3436, 115, 'C4', 'available'),
(3437, 115, 'C5', 'available'),
(3438, 115, 'C6', 'available'),
(3439, 115, 'D1', 'available'),
(3440, 115, 'D2', 'available'),
(3441, 115, 'D3', 'available'),
(3442, 115, 'D4', 'available'),
(3443, 115, 'D5', 'available'),
(3444, 115, 'D6', 'available'),
(3445, 115, 'E1', 'available'),
(3446, 115, 'E2', 'available'),
(3447, 115, 'E3', 'available'),
(3448, 115, 'E4', 'available'),
(3449, 115, 'E5', 'available'),
(3450, 115, 'E6', 'available'),
(3451, 116, 'A1', 'available'),
(3452, 116, 'A2', 'available'),
(3453, 116, 'A3', 'available'),
(3454, 116, 'A4', 'available'),
(3455, 116, 'A5', 'available'),
(3456, 116, 'A6', 'available'),
(3457, 116, 'B1', 'available'),
(3458, 116, 'B2', 'available'),
(3459, 116, 'B3', 'available'),
(3460, 116, 'B4', 'available'),
(3461, 116, 'B5', 'available'),
(3462, 116, 'B6', 'available'),
(3463, 116, 'C1', 'available'),
(3464, 116, 'C2', 'available'),
(3465, 116, 'C3', 'available'),
(3466, 116, 'C4', 'available'),
(3467, 116, 'C5', 'available'),
(3468, 116, 'C6', 'available'),
(3469, 116, 'D1', 'available'),
(3470, 116, 'D2', 'available'),
(3471, 116, 'D3', 'available'),
(3472, 116, 'D4', 'available'),
(3473, 116, 'D5', 'available'),
(3474, 116, 'D6', 'available'),
(3475, 116, 'E1', 'available'),
(3476, 116, 'E2', 'available');
INSERT INTO `seats` (`seat_id`, `showtime_id`, `seat_name`, `status`) VALUES
(3477, 116, 'E3', 'available'),
(3478, 116, 'E4', 'available'),
(3479, 116, 'E5', 'available'),
(3480, 116, 'E6', 'available'),
(3481, 117, 'A1', 'available'),
(3482, 117, 'A2', 'available'),
(3483, 117, 'A3', 'available'),
(3484, 117, 'A4', 'available'),
(3485, 117, 'A5', 'available'),
(3486, 117, 'A6', 'available'),
(3487, 117, 'B1', 'available'),
(3488, 117, 'B2', 'available'),
(3489, 117, 'B3', 'available'),
(3490, 117, 'B4', 'available'),
(3491, 117, 'B5', 'available'),
(3492, 117, 'B6', 'available'),
(3493, 117, 'C1', 'available'),
(3494, 117, 'C2', 'available'),
(3495, 117, 'C3', 'available'),
(3496, 117, 'C4', 'available'),
(3497, 117, 'C5', 'available'),
(3498, 117, 'C6', 'available'),
(3499, 117, 'D1', 'available'),
(3500, 117, 'D2', 'available'),
(3501, 117, 'D3', 'available'),
(3502, 117, 'D4', 'available'),
(3503, 117, 'D5', 'available'),
(3504, 117, 'D6', 'available'),
(3505, 117, 'E1', 'available'),
(3506, 117, 'E2', 'available'),
(3507, 117, 'E3', 'available'),
(3508, 117, 'E4', 'available'),
(3509, 117, 'E5', 'available'),
(3510, 117, 'E6', 'available'),
(3511, 118, 'A1', 'available'),
(3512, 118, 'A2', 'available'),
(3513, 118, 'A3', 'available'),
(3514, 118, 'A4', 'available'),
(3515, 118, 'A5', 'available'),
(3516, 118, 'A6', 'available'),
(3517, 118, 'B1', 'available'),
(3518, 118, 'B2', 'available'),
(3519, 118, 'B3', 'available'),
(3520, 118, 'B4', 'available'),
(3521, 118, 'B5', 'available'),
(3522, 118, 'B6', 'available'),
(3523, 118, 'C1', 'available'),
(3524, 118, 'C2', 'available'),
(3525, 118, 'C3', 'available'),
(3526, 118, 'C4', 'available'),
(3527, 118, 'C5', 'available'),
(3528, 118, 'C6', 'available'),
(3529, 118, 'D1', 'available'),
(3530, 118, 'D2', 'available'),
(3531, 118, 'D3', 'available'),
(3532, 118, 'D4', 'available'),
(3533, 118, 'D5', 'available'),
(3534, 118, 'D6', 'available'),
(3535, 118, 'E1', 'available'),
(3536, 118, 'E2', 'available'),
(3537, 118, 'E3', 'available'),
(3538, 118, 'E4', 'available'),
(3539, 118, 'E5', 'available'),
(3540, 118, 'E6', 'available'),
(3541, 119, 'A1', 'available'),
(3542, 119, 'A2', 'available'),
(3543, 119, 'A3', 'available'),
(3544, 119, 'A4', 'available'),
(3545, 119, 'A5', 'available'),
(3546, 119, 'A6', 'available'),
(3547, 119, 'B1', 'available'),
(3548, 119, 'B2', 'available'),
(3549, 119, 'B3', 'available'),
(3550, 119, 'B4', 'available'),
(3551, 119, 'B5', 'available'),
(3552, 119, 'B6', 'available'),
(3553, 119, 'C1', 'available'),
(3554, 119, 'C2', 'available'),
(3555, 119, 'C3', 'available'),
(3556, 119, 'C4', 'available'),
(3557, 119, 'C5', 'available'),
(3558, 119, 'C6', 'available'),
(3559, 119, 'D1', 'available'),
(3560, 119, 'D2', 'available'),
(3561, 119, 'D3', 'available'),
(3562, 119, 'D4', 'available'),
(3563, 119, 'D5', 'available'),
(3564, 119, 'D6', 'available'),
(3565, 119, 'E1', 'available'),
(3566, 119, 'E2', 'available'),
(3567, 119, 'E3', 'available'),
(3568, 119, 'E4', 'available'),
(3569, 119, 'E5', 'available'),
(3570, 119, 'E6', 'available'),
(3571, 120, 'A1', 'available'),
(3572, 120, 'A2', 'available'),
(3573, 120, 'A3', 'available'),
(3574, 120, 'A4', 'available'),
(3575, 120, 'A5', 'available'),
(3576, 120, 'A6', 'available'),
(3577, 120, 'B1', 'available'),
(3578, 120, 'B2', 'available'),
(3579, 120, 'B3', 'available'),
(3580, 120, 'B4', 'available'),
(3581, 120, 'B5', 'available'),
(3582, 120, 'B6', 'available'),
(3583, 120, 'C1', 'available'),
(3584, 120, 'C2', 'available'),
(3585, 120, 'C3', 'available'),
(3586, 120, 'C4', 'available'),
(3587, 120, 'C5', 'available'),
(3588, 120, 'C6', 'available'),
(3589, 120, 'D1', 'available'),
(3590, 120, 'D2', 'available'),
(3591, 120, 'D3', 'available'),
(3592, 120, 'D4', 'available'),
(3593, 120, 'D5', 'available'),
(3594, 120, 'D6', 'available'),
(3595, 120, 'E1', 'available'),
(3596, 120, 'E2', 'available'),
(3597, 120, 'E3', 'available'),
(3598, 120, 'E4', 'available'),
(3599, 120, 'E5', 'available'),
(3600, 120, 'E6', 'available'),
(3601, 121, 'A1', 'available'),
(3602, 121, 'A2', 'available'),
(3603, 121, 'A3', 'available'),
(3604, 121, 'A4', 'available'),
(3605, 121, 'A5', 'available'),
(3606, 121, 'A6', 'available'),
(3607, 121, 'B1', 'available'),
(3608, 121, 'B2', 'available'),
(3609, 121, 'B3', 'available'),
(3610, 121, 'B4', 'available'),
(3611, 121, 'B5', 'available'),
(3612, 121, 'B6', 'available'),
(3613, 121, 'C1', 'available'),
(3614, 121, 'C2', 'available'),
(3615, 121, 'C3', 'available'),
(3616, 121, 'C4', 'available'),
(3617, 121, 'C5', 'available'),
(3618, 121, 'C6', 'available'),
(3619, 121, 'D1', 'available'),
(3620, 121, 'D2', 'available'),
(3621, 121, 'D3', 'available'),
(3622, 121, 'D4', 'available'),
(3623, 121, 'D5', 'available'),
(3624, 121, 'D6', 'available'),
(3625, 121, 'E1', 'available'),
(3626, 121, 'E2', 'available'),
(3627, 121, 'E3', 'available'),
(3628, 121, 'E4', 'available'),
(3629, 121, 'E5', 'available'),
(3630, 121, 'E6', 'available'),
(3631, 122, 'A1', 'available'),
(3632, 122, 'A2', 'available'),
(3633, 122, 'A3', 'available'),
(3634, 122, 'A4', 'available'),
(3635, 122, 'A5', 'available'),
(3636, 122, 'A6', 'available'),
(3637, 122, 'B1', 'available'),
(3638, 122, 'B2', 'available'),
(3639, 122, 'B3', 'available'),
(3640, 122, 'B4', 'available'),
(3641, 122, 'B5', 'available'),
(3642, 122, 'B6', 'available'),
(3643, 122, 'C1', 'available'),
(3644, 122, 'C2', 'available'),
(3645, 122, 'C3', 'available'),
(3646, 122, 'C4', 'available'),
(3647, 122, 'C5', 'available'),
(3648, 122, 'C6', 'available'),
(3649, 122, 'D1', 'available'),
(3650, 122, 'D2', 'available'),
(3651, 122, 'D3', 'available'),
(3652, 122, 'D4', 'available'),
(3653, 122, 'D5', 'available'),
(3654, 122, 'D6', 'available'),
(3655, 122, 'E1', 'available'),
(3656, 122, 'E2', 'available'),
(3657, 122, 'E3', 'available'),
(3658, 122, 'E4', 'available'),
(3659, 122, 'E5', 'available'),
(3660, 122, 'E6', 'available'),
(3661, 123, 'A1', 'available'),
(3662, 123, 'A2', 'available'),
(3663, 123, 'A3', 'available'),
(3664, 123, 'A4', 'available'),
(3665, 123, 'A5', 'available'),
(3666, 123, 'A6', 'available'),
(3667, 123, 'B1', 'available'),
(3668, 123, 'B2', 'available'),
(3669, 123, 'B3', 'available'),
(3670, 123, 'B4', 'available'),
(3671, 123, 'B5', 'available'),
(3672, 123, 'B6', 'available'),
(3673, 123, 'C1', 'available'),
(3674, 123, 'C2', 'available'),
(3675, 123, 'C3', 'available'),
(3676, 123, 'C4', 'available'),
(3677, 123, 'C5', 'available'),
(3678, 123, 'C6', 'available'),
(3679, 123, 'D1', 'available'),
(3680, 123, 'D2', 'available'),
(3681, 123, 'D3', 'available'),
(3682, 123, 'D4', 'available'),
(3683, 123, 'D5', 'available'),
(3684, 123, 'D6', 'available'),
(3685, 123, 'E1', 'available'),
(3686, 123, 'E2', 'available'),
(3687, 123, 'E3', 'available'),
(3688, 123, 'E4', 'available'),
(3689, 123, 'E5', 'available'),
(3690, 123, 'E6', 'available'),
(3691, 124, 'A1', 'available'),
(3692, 124, 'A2', 'available'),
(3693, 124, 'A3', 'available'),
(3694, 124, 'A4', 'available'),
(3695, 124, 'A5', 'available'),
(3696, 124, 'A6', 'available'),
(3697, 124, 'B1', 'available'),
(3698, 124, 'B2', 'available'),
(3699, 124, 'B3', 'available'),
(3700, 124, 'B4', 'available'),
(3701, 124, 'B5', 'available'),
(3702, 124, 'B6', 'available'),
(3703, 124, 'C1', 'available'),
(3704, 124, 'C2', 'available'),
(3705, 124, 'C3', 'available'),
(3706, 124, 'C4', 'available'),
(3707, 124, 'C5', 'available'),
(3708, 124, 'C6', 'available'),
(3709, 124, 'D1', 'available'),
(3710, 124, 'D2', 'available'),
(3711, 124, 'D3', 'available'),
(3712, 124, 'D4', 'available'),
(3713, 124, 'D5', 'available'),
(3714, 124, 'D6', 'available'),
(3715, 124, 'E1', 'available'),
(3716, 124, 'E2', 'available'),
(3717, 124, 'E3', 'available'),
(3718, 124, 'E4', 'available'),
(3719, 124, 'E5', 'available'),
(3720, 124, 'E6', 'available'),
(3721, 125, 'A1', 'available'),
(3722, 125, 'A2', 'available'),
(3723, 125, 'A3', 'available'),
(3724, 125, 'A4', 'available'),
(3725, 125, 'A5', 'available'),
(3726, 125, 'A6', 'available'),
(3727, 125, 'B1', 'available'),
(3728, 125, 'B2', 'available'),
(3729, 125, 'B3', 'available'),
(3730, 125, 'B4', 'available'),
(3731, 125, 'B5', 'available'),
(3732, 125, 'B6', 'available'),
(3733, 125, 'C1', 'available'),
(3734, 125, 'C2', 'available'),
(3735, 125, 'C3', 'available'),
(3736, 125, 'C4', 'taken'),
(3737, 125, 'C5', 'available'),
(3738, 125, 'C6', 'available'),
(3739, 125, 'D1', 'available'),
(3740, 125, 'D2', 'available'),
(3741, 125, 'D3', 'available'),
(3742, 125, 'D4', 'available'),
(3743, 125, 'D5', 'available'),
(3744, 125, 'D6', 'available'),
(3745, 125, 'E1', 'available'),
(3746, 125, 'E2', 'available'),
(3747, 125, 'E3', 'available'),
(3748, 125, 'E4', 'available'),
(3749, 125, 'E5', 'available'),
(3750, 125, 'E6', 'taken');

-- --------------------------------------------------------

--
-- Table structure for table `showtimes`
--

CREATE TABLE `showtimes` (
  `showtime_id` int(11) NOT NULL,
  `movie_id` int(11) NOT NULL,
  `show_day` enum('Mon','Tue','Wed','Thu','Fri') NOT NULL,
  `show_time` varchar(10) NOT NULL
) ENGINE=InnoDB DEFAULT CHARSET=utf8mb4 COLLATE=utf8mb4_general_ci;

--
-- Dumping data for table `showtimes`
--

INSERT INTO `showtimes` (`showtime_id`, `movie_id`, `show_day`, `show_time`) VALUES
(1, 1, 'Mon', '10:00am'),
(2, 1, 'Mon', '12:00pm'),
(3, 1, 'Mon', '4:00pm'),
(4, 1, 'Mon', '8:00pm'),
(5, 1, 'Mon', '12:00am'),
(6, 2, 'Mon', '10:00am'),
(7, 2, 'Mon', '12:00pm'),
(8, 2, 'Mon', '4:00pm'),
(9, 2, 'Mon', '8:00pm'),
(10, 2, 'Mon', '12:00am'),
(11, 3, 'Mon', '10:00am'),
(12, 3, 'Mon', '12:00pm'),
(13, 3, 'Mon', '4:00pm'),
(14, 3, 'Mon', '8:00pm'),
(15, 3, 'Mon', '12:00am'),
(16, 4, 'Mon', '10:00am'),
(17, 4, 'Mon', '12:00pm'),
(18, 4, 'Mon', '4:00pm'),
(19, 4, 'Mon', '8:00pm'),
(20, 4, 'Mon', '12:00am'),
(21, 5, 'Mon', '10:00am'),
(22, 5, 'Mon', '12:00pm'),
(23, 5, 'Mon', '4:00pm'),
(24, 5, 'Mon', '8:00pm'),
(25, 5, 'Mon', '12:00am'),
(26, 1, 'Tue', '10:00am'),
(27, 1, 'Tue', '12:00pm'),
(28, 1, 'Tue', '4:00pm'),
(29, 1, 'Tue', '8:00pm'),
(30, 1, 'Tue', '12:00am'),
(31, 2, 'Tue', '10:00am'),
(32, 2, 'Tue', '12:00pm'),
(33, 2, 'Tue', '4:00pm'),
(34, 2, 'Tue', '8:00pm'),
(35, 2, 'Tue', '12:00am'),
(36, 3, 'Tue', '10:00am'),
(37, 3, 'Tue', '12:00pm'),
(38, 3, 'Tue', '4:00pm'),
(39, 3, 'Tue', '8:00pm'),
(40, 3, 'Tue', '12:00am'),
(41, 4, 'Tue', '10:00am'),
(42, 4, 'Tue', '12:00pm'),
(43, 4, 'Tue', '4:00pm'),
(44, 4, 'Tue', '8:00pm'),
(45, 4, 'Tue', '12:00am'),
(46, 5, 'Tue', '10:00am'),
(47, 5, 'Tue', '12:00pm'),
(48, 5, 'Tue', '4:00pm'),
(49, 5, 'Tue', '8:00pm'),
(50, 5, 'Tue', '12:00am'),
(51, 1, 'Wed', '10:00am'),
(52, 1, 'Wed', '12:00pm'),
(53, 1, 'Wed', '4:00pm'),
(54, 1, 'Wed', '8:00pm'),
(55, 1, 'Wed', '12:00am'),
(56, 2, 'Wed', '10:00am'),
(57, 2, 'Wed', '12:00pm'),
(58, 2, 'Wed', '4:00pm'),
(59, 2, 'Wed', '8:00pm'),
(60, 2, 'Wed', '12:00am'),
(61, 3, 'Wed', '10:00am'),
(62, 3, 'Wed', '12:00pm'),
(63, 3, 'Wed', '4:00pm'),
(64, 3, 'Wed', '8:00pm'),
(65, 3, 'Wed', '12:00am'),
(66, 4, 'Wed', '10:00am'),
(67, 4, 'Wed', '12:00pm'),
(68, 4, 'Wed', '4:00pm'),
(69, 4, 'Wed', '8:00pm'),
(70, 4, 'Wed', '12:00am'),
(71, 5, 'Wed', '10:00am'),
(72, 5, 'Wed', '12:00pm'),
(73, 5, 'Wed', '4:00pm'),
(74, 5, 'Wed', '8:00pm'),
(75, 5, 'Wed', '12:00am'),
(76, 1, 'Thu', '10:00am'),
(77, 1, 'Thu', '12:00pm'),
(78, 1, 'Thu', '4:00pm'),
(79, 1, 'Thu', '8:00pm'),
(80, 1, 'Thu', '12:00am'),
(81, 2, 'Thu', '10:00am'),
(82, 2, 'Thu', '12:00pm'),
(83, 2, 'Thu', '4:00pm'),
(84, 2, 'Thu', '8:00pm'),
(85, 2, 'Thu', '12:00am'),
(86, 3, 'Thu', '10:00am'),
(87, 3, 'Thu', '12:00pm'),
(88, 3, 'Thu', '4:00pm'),
(89, 3, 'Thu', '8:00pm'),
(90, 3, 'Thu', '12:00am'),
(91, 4, 'Thu', '10:00am'),
(92, 4, 'Thu', '12:00pm'),
(93, 4, 'Thu', '4:00pm'),
(94, 4, 'Thu', '8:00pm'),
(95, 4, 'Thu', '12:00am'),
(96, 5, 'Thu', '10:00am'),
(97, 5, 'Thu', '12:00pm'),
(98, 5, 'Thu', '4:00pm'),
(99, 5, 'Thu', '8:00pm'),
(100, 5, 'Thu', '12:00am'),
(101, 1, 'Fri', '10:00am'),
(102, 1, 'Fri', '12:00pm'),
(103, 1, 'Fri', '4:00pm'),
(104, 1, 'Fri', '8:00pm'),
(105, 1, 'Fri', '12:00am'),
(106, 2, 'Fri', '10:00am'),
(107, 2, 'Fri', '12:00pm'),
(108, 2, 'Fri', '4:00pm'),
(109, 2, 'Fri', '8:00pm'),
(110, 2, 'Fri', '12:00am'),
(111, 3, 'Fri', '10:00am'),
(112, 3, 'Fri', '12:00pm'),
(113, 3, 'Fri', '4:00pm'),
(114, 3, 'Fri', '8:00pm'),
(115, 3, 'Fri', '12:00am'),
(116, 4, 'Fri', '10:00am'),
(117, 4, 'Fri', '12:00pm'),
(118, 4, 'Fri', '4:00pm'),
(119, 4, 'Fri', '8:00pm'),
(120, 4, 'Fri', '12:00am'),
(121, 5, 'Fri', '10:00am'),
(122, 5, 'Fri', '12:00pm'),
(123, 5, 'Fri', '4:00pm'),
(124, 5, 'Fri', '8:00pm'),
(125, 5, 'Fri', '12:00am');

-- --------------------------------------------------------

--
-- Table structure for table `tickets`
--

CREATE TABLE `tickets` (
  `ticket_id` int(11) NOT NULL,
  `user_id` int(11) NOT NULL,
  `movie_id` int(11) NOT NULL,
  `showtime_id` int(11) NOT NULL,
  `seat_id` int(11) NOT NULL,
  `purchase_date` datetime DEFAULT current_timestamp(),
  `ticket_price` int(11) NOT NULL,
  `status` enum('pending','booked','cancelled','used') DEFAULT 'pending'
) ENGINE=InnoDB DEFAULT CHARSET=utf8mb4 COLLATE=utf8mb4_general_ci;

--
-- Dumping data for table `tickets`
--

INSERT INTO `tickets` (`ticket_id`, `user_id`, `movie_id`, `showtime_id`, `seat_id`, `purchase_date`, `ticket_price`, `status`) VALUES
(1, 2, 1, 1, 2, '2025-03-14 11:01:08', 400, 'cancelled'),
(16, 2, 1, 1, 1, '2025-03-14 10:46:13', 400, 'pending'),
(19, 5, 1, 1, 3, '2025-03-14 11:12:51', 400, 'pending'),
(21, 6, 4, 16, 451, '2025-03-17 06:23:09', 300, 'booked'),
(33, 6, 5, 125, 3750, '2025-03-17 07:06:11', 250, 'pending'),
(34, 6, 5, 125, 3736, '2025-03-17 07:06:11', 250, 'booked'),
(35, 3, 2, 6, 165, '2025-03-17 07:08:17', 250, 'pending'),
(36, 3, 2, 6, 166, '2025-03-17 07:08:17', 250, 'pending'),
(37, 3, 5, 21, 626, '2025-03-17 09:13:40', 250, 'pending'),
(38, 3, 3, 64, 1901, '2025-03-17 09:18:58', 350, 'booked'),
(39, 6, 5, 48, 1438, '2025-03-17 09:40:21', 250, 'booked'),
(44, 7, 1, 53, 1576, '2025-03-17 11:03:43', 400, 'booked'),
(45, 7, 1, 53, 1570, '2025-03-17 11:03:43', 400, 'booked'),
(46, 7, 1, 53, 1569, '2025-03-17 11:03:43', 400, 'pending'),
(47, 6, 3, 11, 301, '2025-03-18 06:19:13', 350, 'pending'),
(48, 6, 3, 11, 303, '2025-03-18 06:19:13', 350, 'booked'),
(49, 6, 3, 11, 302, '2025-03-18 06:19:13', 350, 'booked'),
(50, 6, 2, 58, 1714, '2025-03-18 06:19:33', 250, 'booked'),
(51, 6, 2, 58, 1726, '2025-03-18 06:19:33', 250, 'cancelled'),
(52, 6, 2, 58, 1719, '2025-03-18 06:19:33', 250, 'cancelled'),
(53, 6, 1, 77, 2283, '2025-03-18 06:25:11', 400, 'booked'),
(54, 6, 1, 78, 2316, '2025-03-18 06:25:22', 400, 'used'),
(55, 6, 1, 29, 855, '2025-03-18 06:25:34', 400, 'cancelled'),
(56, 6, 1, 30, 890, '2025-03-18 06:25:46', 400, 'used'),
(57, 8, 1, 1, 5, '2025-03-19 06:56:01', 400, 'used'),
(58, 9, 1, 3, 90, '2025-03-20 08:35:32', 400, 'used'),
(61, 9, 1, 3, 86, '2025-03-20 08:35:32', 400, 'used'),
(62, 9, 1, 3, 88, '2025-03-20 08:35:32', 400, 'cancelled'),
(63, 9, 1, 104, 3118, '2025-03-20 08:42:26', 400, 'used'),
(64, 10, 3, 14, 399, '2025-03-20 09:12:27', 350, 'used'),
(65, 10, 3, 14, 401, '2025-03-20 09:12:27', 350, 'used');

--
-- Triggers `tickets`
--
DELIMITER $$
CREATE TRIGGER `after_ticket_delete` AFTER DELETE ON `tickets` FOR EACH ROW BEGIN
    UPDATE seats 
    SET status = 'available' 
    WHERE seat_id = OLD.seat_id 
    AND NOT EXISTS (SELECT 1 FROM tickets WHERE seat_id = OLD.seat_id);
END
$$
DELIMITER ;

-- --------------------------------------------------------

--
-- Table structure for table `users`
--

CREATE TABLE `users` (
  `user_id` int(11) NOT NULL,
  `email` varchar(100) NOT NULL,
  `username` varchar(50) NOT NULL,
  `password` varchar(255) NOT NULL
) ENGINE=InnoDB DEFAULT CHARSET=utf8mb4 COLLATE=utf8mb4_general_ci;

--
-- Dumping data for table `users`
--

INSERT INTO `users` (`user_id`, `email`, `username`, `password`) VALUES
(2, 'qwe@gmail.com', 'qwe', '$2y$10$dRvU2b9OmtOadjwVkm9dTuBMwbcTdGheZP2DR8r93nejoXxUHhsoG'),
(3, 'zxc', 'zxc', '$2y$10$YcwynZkQ8ej2awH103bTsOQ6omPcNYWfIICEoBx6PgLcYp8Aq1EmS'),
(4, 'asd@gmail.com', 'asd', '$2y$10$H1eFJ.DwIhVUK/NJsWyql.3yNCmM5cL0hXsFXi1bRoxDc03zj0D2i'),
(5, 'tyu@gmail.com', 'tyu', '$2y$10$DSCN0zg6Eq0fUp15tVcVEedMjfezRDVdsN/8JiioZzO53y2aQaQDS'),
(6, 'nyuu@gmail.com', 'nyuu', '$2y$10$KHim/ssiCJurBf85/ABLg.GODVx/D/SxeDW6O7FJIMEGNpIVUcP0.'),
(7, 'tsk@gmail.com', 'tsk', '$2y$10$KYFlbkghbib6vCMdpn3aHOVWfqcbgmyELQ01hUNhvmJcGp6RJr77y'),
(8, 'meow@gmail.com', 'meow', '$2y$10$sMFYAx9lQpEf3l1huGvYceRC4oVigqhxYbGIqFxBdKZS8GxzfMIvO'),
(9, 'huh@gmail.com', 'huh', '$2y$10$aBFN0TaLErrDNnY3l8zUC.JnS5u82kduFodR2LfqOef5D9m4uSo2S'),
(10, 'josh@example.com', 'joshua', '$2y$10$VMQF2XUZgrNf8x8fREZQ2OHhGKb/m4PS80Yyajc85RKVdJIXOwVnS');

--
-- Triggers `users`
--
DELIMITER $$
CREATE TRIGGER `delete_user_tickets` AFTER DELETE ON `users` FOR EACH ROW DELETE FROM tickets WHERE user_id = OLD.user_id
$$
DELIMITER ;

--
-- Indexes for dumped tables
--

--
-- Indexes for table `drinks`
--
ALTER TABLE `drinks`
  ADD PRIMARY KEY (`drink_id`);

--
-- Indexes for table `foods`
--
ALTER TABLE `foods`
  ADD PRIMARY KEY (`food_id`);

--
-- Indexes for table `movie`
--
ALTER TABLE `movie`
  ADD PRIMARY KEY (`movie_id`),
  ADD UNIQUE KEY `tmdb_id` (`tmdb_id`);

--
-- Indexes for table `orders`
--
ALTER TABLE `orders`
  ADD PRIMARY KEY (`order_id`),
  ADD KEY `fk_user` (`user_id`),
  ADD KEY `fk_food` (`food_id`),
  ADD KEY `fk_drink` (`drink_id`);

--
-- Indexes for table `recent_reservations`
--
ALTER TABLE `recent_reservations`
  ADD PRIMARY KEY (`reservation_id`),
  ADD KEY `ticket_id` (`ticket_id`),
  ADD KEY `user_id` (`user_id`),
  ADD KEY `movie_id` (`movie_id`),
  ADD KEY `showtime_id` (`showtime_id`),
  ADD KEY `seat_id` (`seat_id`);

--
-- Indexes for table `recent_tickets`
--
ALTER TABLE `recent_tickets`
  ADD PRIMARY KEY (`ticket_id`),
  ADD KEY `fk_tickets_user` (`user_id`),
  ADD KEY `fk_tickets_movie` (`movie_id`),
  ADD KEY `fk_tickets_showtime` (`showtime_id`),
  ADD KEY `fk_tickets_seat` (`seat_id`);

--
-- Indexes for table `seats`
--
ALTER TABLE `seats`
  ADD PRIMARY KEY (`seat_id`),
  ADD UNIQUE KEY `showtime_id` (`showtime_id`,`seat_name`);

--
-- Indexes for table `showtimes`
--
ALTER TABLE `showtimes`
  ADD PRIMARY KEY (`showtime_id`),
  ADD KEY `movie_id` (`movie_id`);

--
-- Indexes for table `tickets`
--
ALTER TABLE `tickets`
  ADD PRIMARY KEY (`ticket_id`),
  ADD KEY `fk_tickets_user` (`user_id`),
  ADD KEY `fk_tickets_movie` (`movie_id`),
  ADD KEY `fk_tickets_showtime` (`showtime_id`),
  ADD KEY `fk_tickets_seat` (`seat_id`);

--
-- Indexes for table `users`
--
ALTER TABLE `users`
  ADD PRIMARY KEY (`user_id`),
  ADD UNIQUE KEY `email` (`email`),
  ADD UNIQUE KEY `username` (`username`),
  ADD UNIQUE KEY `user_id` (`user_id`,`email`,`username`,`password`);

--
-- AUTO_INCREMENT for dumped tables
--

--
-- AUTO_INCREMENT for table `drinks`
--
ALTER TABLE `drinks`
  MODIFY `drink_id` int(11) NOT NULL AUTO_INCREMENT, AUTO_INCREMENT=4;

--
-- AUTO_INCREMENT for table `foods`
--
ALTER TABLE `foods`
  MODIFY `food_id` int(11) NOT NULL AUTO_INCREMENT, AUTO_INCREMENT=4;

--
-- AUTO_INCREMENT for table `movie`
--
ALTER TABLE `movie`
  MODIFY `movie_id` int(11) NOT NULL AUTO_INCREMENT, AUTO_INCREMENT=14;

--
-- AUTO_INCREMENT for table `orders`
--
ALTER TABLE `orders`
  MODIFY `order_id` int(11) NOT NULL AUTO_INCREMENT, AUTO_INCREMENT=73;

--
-- AUTO_INCREMENT for table `recent_reservations`
--
ALTER TABLE `recent_reservations`
  MODIFY `reservation_id` int(11) NOT NULL AUTO_INCREMENT, AUTO_INCREMENT=5;

--
-- AUTO_INCREMENT for table `recent_tickets`
--
ALTER TABLE `recent_tickets`
  MODIFY `ticket_id` int(11) NOT NULL AUTO_INCREMENT;

--
-- AUTO_INCREMENT for table `seats`
--
ALTER TABLE `seats`
  MODIFY `seat_id` int(11) NOT NULL AUTO_INCREMENT, AUTO_INCREMENT=3751;

--
-- AUTO_INCREMENT for table `showtimes`
--
ALTER TABLE `showtimes`
  MODIFY `showtime_id` int(11) NOT NULL AUTO_INCREMENT, AUTO_INCREMENT=126;

--
-- AUTO_INCREMENT for table `tickets`
--
ALTER TABLE `tickets`
  MODIFY `ticket_id` int(11) NOT NULL AUTO_INCREMENT, AUTO_INCREMENT=68;

--
-- AUTO_INCREMENT for table `users`
--
ALTER TABLE `users`
  MODIFY `user_id` int(11) NOT NULL AUTO_INCREMENT, AUTO_INCREMENT=105;

--
-- Constraints for dumped tables
--

--
-- Constraints for table `orders`
--
ALTER TABLE `orders`
  ADD CONSTRAINT `fk_drink` FOREIGN KEY (`drink_id`) REFERENCES `drinks` (`drink_id`) ON DELETE SET NULL,
  ADD CONSTRAINT `fk_food` FOREIGN KEY (`food_id`) REFERENCES `foods` (`food_id`) ON DELETE SET NULL,
  ADD CONSTRAINT `fk_user` FOREIGN KEY (`user_id`) REFERENCES `users` (`user_id`) ON DELETE CASCADE;

--
-- Constraints for table `seats`
--
ALTER TABLE `seats`
  ADD CONSTRAINT `seats_ibfk_1` FOREIGN KEY (`showtime_id`) REFERENCES `showtimes` (`showtime_id`) ON DELETE CASCADE;

--
-- Constraints for table `showtimes`
--
ALTER TABLE `showtimes`
  ADD CONSTRAINT `showtimes_ibfk_1` FOREIGN KEY (`movie_id`) REFERENCES `movie` (`movie_id`) ON DELETE CASCADE;

--
-- Constraints for table `tickets`
--
ALTER TABLE `tickets`
  ADD CONSTRAINT `fk_tickets_movie` FOREIGN KEY (`movie_id`) REFERENCES `movie` (`movie_id`) ON DELETE CASCADE,
  ADD CONSTRAINT `fk_tickets_seat` FOREIGN KEY (`seat_id`) REFERENCES `seats` (`seat_id`) ON DELETE CASCADE,
  ADD CONSTRAINT `fk_tickets_showtime` FOREIGN KEY (`showtime_id`) REFERENCES `showtimes` (`showtime_id`) ON DELETE CASCADE,
  ADD CONSTRAINT `fk_tickets_user` FOREIGN KEY (`user_id`) REFERENCES `users` (`user_id`) ON DELETE CASCADE;

DELIMITER $$
--
-- Events
--
CREATE DEFINER=`root`@`localhost` EVENT `reset_ticket_id` ON SCHEDULE EVERY 10 MINUTE STARTS '2025-03-14 18:06:21' ON COMPLETION NOT PRESERVE ENABLE DO BEGIN
    -- Find the smallest missing ID
    SET @next_id = (SELECT MIN(t1.ticket_id) + 1 
                    FROM tickets t1 
                    LEFT JOIN tickets t2 ON t1.ticket_id + 1 = t2.ticket_id
                    WHERE t2.ticket_id IS NULL);

    -- If all IDs are consecutive, set to the next available after MAX
    IF @next_id IS NULL THEN
        SET @next_id = (SELECT IFNULL(MAX(ticket_id), 0) + 1 FROM tickets);
    END IF;

    -- Apply new auto_increment value
    SET @sql = CONCAT('ALTER TABLE tickets AUTO_INCREMENT = ', @next_id);
    PREPARE stmt FROM @sql;
    EXECUTE stmt;
    DEALLOCATE PREPARE stmt;
END$$

DELIMITER ;
COMMIT;

/*!40101 SET CHARACTER_SET_CLIENT=@OLD_CHARACTER_SET_CLIENT */;
/*!40101 SET CHARACTER_SET_RESULTS=@OLD_CHARACTER_SET_RESULTS */;
/*!40101 SET COLLATION_CONNECTION=@OLD_COLLATION_CONNECTION */;
